#
# TABLE STRUCTURE FOR: brands
#

DROP TABLE IF EXISTS `brands`;

CREATE TABLE `brands` (
  `id` int(10) unsigned NOT NULL AUTO_INCREMENT,
  `name` varchar(255) COLLATE utf8mb4_unicode_ci NOT NULL,
  PRIMARY KEY (`id`),
  UNIQUE KEY `name_UNIQUE` (`name`)
) ENGINE=InnoDB AUTO_INCREMENT=31 DEFAULT CHARSET=utf8mb4 COLLATE=utf8mb4_unicode_ci;

INSERT INTO `brands` (`id`, `name`) VALUES (14, 'Bashirian and Sons');
INSERT INTO `brands` (`id`, `name`) VALUES (16, 'Beier-Hermiston');
INSERT INTO `brands` (`id`, `name`) VALUES (20, 'Collins-Weissnat');
INSERT INTO `brands` (`id`, `name`) VALUES (1, 'Dicki-Spencer');
INSERT INTO `brands` (`id`, `name`) VALUES (15, 'Hand-Carroll');
INSERT INTO `brands` (`id`, `name`) VALUES (2, 'Harris Group');
INSERT INTO `brands` (`id`, `name`) VALUES (10, 'Hintz-Monahan');
INSERT INTO `brands` (`id`, `name`) VALUES (25, 'Johnson, Oberbrunner and Wolf');
INSERT INTO `brands` (`id`, `name`) VALUES (7, 'Johnston Ltd');
INSERT INTO `brands` (`id`, `name`) VALUES (11, 'Lang-Fisher');
INSERT INTO `brands` (`id`, `name`) VALUES (28, 'Leffler, Smitham and McDermott');
INSERT INTO `brands` (`id`, `name`) VALUES (27, 'Lowe, Treutel and Dicki');
INSERT INTO `brands` (`id`, `name`) VALUES (4, 'McLaughlin, Breitenberg and Klein');
INSERT INTO `brands` (`id`, `name`) VALUES (19, 'Miller-Jaskolski');
INSERT INTO `brands` (`id`, `name`) VALUES (30, 'Mitchell LLC');
INSERT INTO `brands` (`id`, `name`) VALUES (8, 'Murphy, Bode and Rice');
INSERT INTO `brands` (`id`, `name`) VALUES (26, 'Osinski-Corwin');
INSERT INTO `brands` (`id`, `name`) VALUES (29, 'Quigley, Adams and Stark');
INSERT INTO `brands` (`id`, `name`) VALUES (6, 'Rice-Jones');
INSERT INTO `brands` (`id`, `name`) VALUES (24, 'Robel Ltd');
INSERT INTO `brands` (`id`, `name`) VALUES (3, 'Sauer-Huel');
INSERT INTO `brands` (`id`, `name`) VALUES (9, 'Schneider-Kihn');
INSERT INTO `brands` (`id`, `name`) VALUES (22, 'Schultz, Pouros and Kuvalis');
INSERT INTO `brands` (`id`, `name`) VALUES (18, 'Stracke-Hamill');
INSERT INTO `brands` (`id`, `name`) VALUES (13, 'Ullrich and Sons');
INSERT INTO `brands` (`id`, `name`) VALUES (17, 'Windler, Nolan and Bradtke');
INSERT INTO `brands` (`id`, `name`) VALUES (21, 'Wuckert LLC');
INSERT INTO `brands` (`id`, `name`) VALUES (12, 'Yundt-Miller');
INSERT INTO `brands` (`id`, `name`) VALUES (23, 'Ziemann-Willms');
INSERT INTO `brands` (`id`, `name`) VALUES (5, 'Zulauf, Jast and Terry');


#
# TABLE STRUCTURE FOR: catalogs
#

DROP TABLE IF EXISTS `catalogs`;

CREATE TABLE `catalogs` (
  `id` int(10) unsigned NOT NULL AUTO_INCREMENT,
  `name` varchar(45) COLLATE utf8mb4_unicode_ci NOT NULL,
  PRIMARY KEY (`id`),
  UNIQUE KEY `name_UNIQUE` (`name`)
) ENGINE=InnoDB AUTO_INCREMENT=11 DEFAULT CHARSET=utf8mb4 COLLATE=utf8mb4_unicode_ci;

INSERT INTO `catalogs` (`id`, `name`) VALUES (3, 'dolor');
INSERT INTO `catalogs` (`id`, `name`) VALUES (2, 'dolores');
INSERT INTO `catalogs` (`id`, `name`) VALUES (8, 'harum');
INSERT INTO `catalogs` (`id`, `name`) VALUES (4, 'minima');
INSERT INTO `catalogs` (`id`, `name`) VALUES (10, 'odit');
INSERT INTO `catalogs` (`id`, `name`) VALUES (9, 'quisquam');
INSERT INTO `catalogs` (`id`, `name`) VALUES (5, 'recusandae');
INSERT INTO `catalogs` (`id`, `name`) VALUES (7, 'soluta');
INSERT INTO `catalogs` (`id`, `name`) VALUES (1, 'tempore');
INSERT INTO `catalogs` (`id`, `name`) VALUES (6, 'ut');


#
# TABLE STRUCTURE FOR: customer_reviews
#

DROP TABLE IF EXISTS `customer_reviews`;

CREATE TABLE `customer_reviews` (
  `rating` enum('1','2','3','4','5') COLLATE utf8mb4_unicode_ci DEFAULT NULL,
  `reviews` text COLLATE utf8mb4_unicode_ci DEFAULT NULL,
  `id` int(10) unsigned NOT NULL AUTO_INCREMENT,
  `created-at` datetime NOT NULL DEFAULT current_timestamp(),
  `updated_at` datetime DEFAULT current_timestamp() ON UPDATE current_timestamp(),
  `users_id` int(10) unsigned NOT NULL,
  `products_id` int(10) unsigned NOT NULL,
  PRIMARY KEY (`id`),
  KEY `fk_customer_reviews_users1_idx` (`users_id`),
  KEY `fk_customer_reviews_products1_idx` (`products_id`),
  CONSTRAINT `fk_customer_reviews_products1` FOREIGN KEY (`products_id`) REFERENCES `products` (`id`),
  CONSTRAINT `fk_customer_reviews_users1` FOREIGN KEY (`users_id`) REFERENCES `users` (`id`)
) ENGINE=InnoDB AUTO_INCREMENT=201 DEFAULT CHARSET=utf8mb4 COLLATE=utf8mb4_unicode_ci;

INSERT INTO `customer_reviews` (`rating`, `reviews`, `id`, `created-at`, `updated_at`, `users_id`, `products_id`) VALUES ('5', 'Et illum ad laborum ipsa est. Aspernatur sit qui ducimus. Et neque quis distinctio possimus et laudantium consequatur. Nobis qui optio aut et.', 1, '1978-07-25 08:33:22', '0000-00-00 00:00:00', 1, 73);
INSERT INTO `customer_reviews` (`rating`, `reviews`, `id`, `created-at`, `updated_at`, `users_id`, `products_id`) VALUES ('2', 'Quae optio impedit molestias occaecati qui iure recusandae. Autem inventore debitis vel non neque et ipsum. Blanditiis dolor labore enim beatae qui officia incidunt.', 2, '1993-03-28 01:38:59', '1995-04-27 05:27:04', 16, 20);
INSERT INTO `customer_reviews` (`rating`, `reviews`, `id`, `created-at`, `updated_at`, `users_id`, `products_id`) VALUES ('5', 'Adipisci tempore numquam delectus dignissimos occaecati. Voluptas nostrum voluptatum sunt praesentium eius culpa et. Nisi aut et reiciendis velit voluptas excepturi.', 3, '1994-05-20 04:25:18', '1997-01-13 10:37:16', 14, 34);
INSERT INTO `customer_reviews` (`rating`, `reviews`, `id`, `created-at`, `updated_at`, `users_id`, `products_id`) VALUES ('1', 'Cupiditate voluptatem veritatis est hic temporibus fugiat vel. Ullam hic voluptas laborum maxime ex magni. Itaque amet cum fuga inventore porro accusantium atque. Eum excepturi quisquam aut quaerat rerum ut libero.', 4, '1972-11-03 16:36:27', '0000-00-00 00:00:00', 16, 115);
INSERT INTO `customer_reviews` (`rating`, `reviews`, `id`, `created-at`, `updated_at`, `users_id`, `products_id`) VALUES ('1', 'Ullam consequatur doloremque nisi repellat accusamus at autem ex. Suscipit et eveniet quia sit. Cumque eos omnis placeat quia consequuntur et enim voluptates. Rerum autem deleniti ullam non.', 5, '2011-03-01 16:13:47', '1984-03-10 07:08:14', 18, 8);
INSERT INTO `customer_reviews` (`rating`, `reviews`, `id`, `created-at`, `updated_at`, `users_id`, `products_id`) VALUES ('2', 'Sunt ut et asperiores et. Nobis ea et ratione ipsum eos labore. Enim sunt ducimus maxime.', 6, '1977-01-15 03:43:00', '2018-06-06 12:06:53', 1, 28);
INSERT INTO `customer_reviews` (`rating`, `reviews`, `id`, `created-at`, `updated_at`, `users_id`, `products_id`) VALUES ('5', 'Qui et eos voluptatem voluptatem. Omnis nihil sapiente enim voluptatem. Nesciunt nulla facere quia enim. Inventore tempora a unde maiores facilis quod.', 7, '1982-12-23 06:11:19', '0000-00-00 00:00:00', 11, 71);
INSERT INTO `customer_reviews` (`rating`, `reviews`, `id`, `created-at`, `updated_at`, `users_id`, `products_id`) VALUES ('3', 'Est sunt provident voluptatum cumque repudiandae beatae. Minima veniam commodi itaque officia deserunt velit recusandae. Tenetur quia beatae reprehenderit expedita. Reiciendis illum est vitae architecto unde atque.', 8, '2003-01-02 11:32:27', '1974-12-28 11:16:24', 10, 104);
INSERT INTO `customer_reviews` (`rating`, `reviews`, `id`, `created-at`, `updated_at`, `users_id`, `products_id`) VALUES ('4', 'Nostrum voluptatem consequatur aut ab ut. Ut rerum reprehenderit at voluptates. Voluptas qui harum occaecati reiciendis voluptatum vel aperiam.', 9, '2015-12-21 18:33:28', '0000-00-00 00:00:00', 9, 8);
INSERT INTO `customer_reviews` (`rating`, `reviews`, `id`, `created-at`, `updated_at`, `users_id`, `products_id`) VALUES ('4', 'Nisi tempora laborum quos earum omnis eveniet. Hic voluptatem rerum omnis minus rerum reiciendis nisi. Animi earum quia illo eaque et.', 10, '2010-04-19 09:27:08', '2006-02-06 08:04:01', 4, 49);
INSERT INTO `customer_reviews` (`rating`, `reviews`, `id`, `created-at`, `updated_at`, `users_id`, `products_id`) VALUES ('3', 'Esse quis voluptatem aspernatur recusandae in. Sed recusandae ipsam occaecati voluptate. Repudiandae est veritatis aut nobis incidunt nam consequatur et. Ipsam ut similique dolore eum.', 11, '1970-09-25 16:30:15', '2008-07-09 21:04:36', 13, 66);
INSERT INTO `customer_reviews` (`rating`, `reviews`, `id`, `created-at`, `updated_at`, `users_id`, `products_id`) VALUES ('5', 'Quibusdam quibusdam nihil et. Minus dolores quibusdam sed qui magni aut eos et. Nostrum amet officia unde libero.', 12, '1982-07-05 04:16:51', '0000-00-00 00:00:00', 14, 95);
INSERT INTO `customer_reviews` (`rating`, `reviews`, `id`, `created-at`, `updated_at`, `users_id`, `products_id`) VALUES ('1', 'Quia qui et labore soluta dolores iure qui dolorum. Praesentium architecto cum qui quis possimus dolorum inventore. Ipsam aut vitae itaque eaque animi. Eos reprehenderit ut cumque nostrum adipisci temporibus totam sint.', 13, '1972-08-02 02:06:47', '2014-04-14 04:48:48', 8, 77);
INSERT INTO `customer_reviews` (`rating`, `reviews`, `id`, `created-at`, `updated_at`, `users_id`, `products_id`) VALUES ('3', 'Quisquam quasi consequatur modi enim velit soluta qui et. Corrupti ullam accusantium rem temporibus impedit. Voluptates sit ea quae. Sit provident nulla sunt ipsum voluptas.', 14, '2019-02-24 15:25:12', '2008-08-10 19:18:28', 5, 34);
INSERT INTO `customer_reviews` (`rating`, `reviews`, `id`, `created-at`, `updated_at`, `users_id`, `products_id`) VALUES ('5', 'Veniam occaecati aliquid nisi rerum. Dolore tempora porro corrupti unde. Quibusdam consequatur pariatur dicta rerum temporibus tempore et tempore. Iure nesciunt enim quis a quia. Accusantium aut consequatur et iste id consequatur culpa enim.', 15, '1981-04-15 13:24:44', '0000-00-00 00:00:00', 1, 113);
INSERT INTO `customer_reviews` (`rating`, `reviews`, `id`, `created-at`, `updated_at`, `users_id`, `products_id`) VALUES ('1', 'Sit minima rerum architecto laudantium iure nisi odio. Atque ipsa quibusdam accusamus et eligendi similique. Ipsa rem cumque et labore id aut consequuntur. Aut labore ad aspernatur molestias nesciunt.', 16, '1978-09-08 11:57:09', '1986-12-05 14:30:52', 8, 14);
INSERT INTO `customer_reviews` (`rating`, `reviews`, `id`, `created-at`, `updated_at`, `users_id`, `products_id`) VALUES ('4', 'Numquam tempore quae eum dolor beatae. Facilis tempore dolorem dignissimos at quo animi occaecati molestiae. Aperiam doloribus incidunt impedit sunt est fuga qui. Excepturi facilis voluptates vitae amet quisquam. Esse facere cumque impedit autem.', 17, '1996-03-06 07:31:39', '0000-00-00 00:00:00', 19, 37);
INSERT INTO `customer_reviews` (`rating`, `reviews`, `id`, `created-at`, `updated_at`, `users_id`, `products_id`) VALUES ('3', 'Sunt esse odit magnam ut quia eius libero. Officia et blanditiis perspiciatis qui cum dignissimos. Ea eligendi perferendis id laboriosam tempore.', 18, '2016-01-18 23:23:17', '2017-08-16 00:02:39', 4, 119);
INSERT INTO `customer_reviews` (`rating`, `reviews`, `id`, `created-at`, `updated_at`, `users_id`, `products_id`) VALUES ('3', 'Dicta veritatis similique aut maxime quis. Iure nihil tenetur et aliquam. Tenetur consequuntur est aut qui vero voluptatem. Voluptatem deserunt repellat omnis veritatis quia ut voluptatem et.', 19, '2007-09-13 14:33:41', '0000-00-00 00:00:00', 8, 191);
INSERT INTO `customer_reviews` (`rating`, `reviews`, `id`, `created-at`, `updated_at`, `users_id`, `products_id`) VALUES ('2', 'Accusantium ut repudiandae molestias sunt illum culpa. Nihil voluptates hic consequatur doloremque. Adipisci non quam ut porro ut.', 20, '2016-06-11 14:20:32', '1994-09-15 06:09:53', 4, 47);
INSERT INTO `customer_reviews` (`rating`, `reviews`, `id`, `created-at`, `updated_at`, `users_id`, `products_id`) VALUES ('5', 'Mollitia saepe sed enim possimus temporibus quia. Et rerum itaque saepe dignissimos quo quis eveniet. Sit deserunt autem quia voluptas laboriosam. Iste perspiciatis quas accusamus veniam tempora et.', 21, '1990-08-27 04:50:07', '0000-00-00 00:00:00', 20, 40);
INSERT INTO `customer_reviews` (`rating`, `reviews`, `id`, `created-at`, `updated_at`, `users_id`, `products_id`) VALUES ('4', 'Voluptas fugiat rerum consequuntur explicabo. Quaerat molestias assumenda voluptatem aut sint dolor qui.', 22, '1973-11-15 19:47:13', '0000-00-00 00:00:00', 8, 106);
INSERT INTO `customer_reviews` (`rating`, `reviews`, `id`, `created-at`, `updated_at`, `users_id`, `products_id`) VALUES ('2', 'Minus aut unde aut et. Delectus quam alias illum rerum. Quia fuga qui eveniet totam. Natus voluptatibus id mollitia impedit rerum est sequi. Repellat perspiciatis sunt maxime iusto nesciunt corrupti asperiores.', 23, '1989-07-26 00:43:49', '1983-04-21 16:30:42', 11, 166);
INSERT INTO `customer_reviews` (`rating`, `reviews`, `id`, `created-at`, `updated_at`, `users_id`, `products_id`) VALUES ('4', 'Quisquam voluptate repellendus non quia perferendis perspiciatis a. Est in quo officia ab voluptatum. Distinctio voluptatem illo et nostrum nam amet iusto. Nulla eveniet vel veniam maxime.', 24, '2017-04-21 23:16:09', '1992-02-08 07:40:56', 1, 192);
INSERT INTO `customer_reviews` (`rating`, `reviews`, `id`, `created-at`, `updated_at`, `users_id`, `products_id`) VALUES ('4', 'Odio mollitia modi quaerat est illum voluptatibus. Distinctio dolores at possimus harum maiores fuga unde. Eaque eum dolorem quisquam accusamus tempora magnam molestias. Dolorum quas qui alias et. Sequi exercitationem veritatis doloremque veniam quo aspernatur facilis suscipit.', 25, '1989-12-18 06:13:10', '0000-00-00 00:00:00', 18, 49);
INSERT INTO `customer_reviews` (`rating`, `reviews`, `id`, `created-at`, `updated_at`, `users_id`, `products_id`) VALUES ('5', 'Repudiandae ducimus et alias inventore. Voluptatibus dolorem architecto at eum fugit sit voluptas temporibus. Nihil dolores earum excepturi esse quia. Voluptates modi unde dolorem blanditiis non amet.', 26, '2018-10-13 05:09:55', '2004-03-17 15:53:31', 5, 96);
INSERT INTO `customer_reviews` (`rating`, `reviews`, `id`, `created-at`, `updated_at`, `users_id`, `products_id`) VALUES ('3', 'Sed voluptatem sint doloribus qui. Voluptas fugit et quo eum. Veniam laborum temporibus dolor molestiae quod. Ea sit voluptatibus veniam sapiente tempora.', 27, '2002-09-25 15:18:27', '1992-07-25 12:33:51', 12, 174);
INSERT INTO `customer_reviews` (`rating`, `reviews`, `id`, `created-at`, `updated_at`, `users_id`, `products_id`) VALUES ('5', 'Reiciendis laudantium odit praesentium cum. Error sit sint voluptates cum dolores qui cupiditate soluta. Velit sunt adipisci ipsam maxime in.', 28, '1971-04-25 14:05:20', '0000-00-00 00:00:00', 19, 191);
INSERT INTO `customer_reviews` (`rating`, `reviews`, `id`, `created-at`, `updated_at`, `users_id`, `products_id`) VALUES ('5', 'Unde provident ipsam reprehenderit illo adipisci recusandae. Laborum illo quae non vero sint. Velit et similique qui iure. Repellendus odio deleniti voluptates eius quidem libero.', 29, '2010-11-06 08:45:06', '0000-00-00 00:00:00', 6, 33);
INSERT INTO `customer_reviews` (`rating`, `reviews`, `id`, `created-at`, `updated_at`, `users_id`, `products_id`) VALUES ('2', 'Ut vero culpa ipsa non voluptas ut consequatur. Voluptas adipisci dolorum temporibus eum deserunt voluptas. Autem labore ut molestiae eos et. Pariatur quaerat distinctio ea voluptas esse atque.', 30, '1987-03-01 01:48:13', '0000-00-00 00:00:00', 3, 59);
INSERT INTO `customer_reviews` (`rating`, `reviews`, `id`, `created-at`, `updated_at`, `users_id`, `products_id`) VALUES ('3', 'Placeat sed qui consectetur vero quis veniam. Et et nemo sunt error hic nihil aut. Sunt earum eum tempora cupiditate. Saepe recusandae eum quam quibusdam enim soluta nisi accusamus.', 31, '2018-12-17 09:25:30', '1977-05-07 23:39:12', 15, 103);
INSERT INTO `customer_reviews` (`rating`, `reviews`, `id`, `created-at`, `updated_at`, `users_id`, `products_id`) VALUES ('2', 'Aliquid et eius dolorem dolores possimus et nostrum sunt. Non voluptas explicabo aut. Quas voluptatibus consequatur maiores autem dolores.', 32, '1986-11-21 07:24:42', '1991-10-02 18:42:53', 8, 130);
INSERT INTO `customer_reviews` (`rating`, `reviews`, `id`, `created-at`, `updated_at`, `users_id`, `products_id`) VALUES ('1', 'Sequi eaque iste omnis dolorem in aut. At occaecati debitis tempora deleniti veniam dicta est. Repellat culpa ullam molestiae enim. Expedita accusantium architecto dolore consequatur repudiandae sint dolorem.', 33, '1989-03-05 13:39:15', '1989-03-14 04:04:34', 14, 105);
INSERT INTO `customer_reviews` (`rating`, `reviews`, `id`, `created-at`, `updated_at`, `users_id`, `products_id`) VALUES ('2', 'Quae aut et nihil dicta. Rerum aut ut voluptates ipsam corporis. Consequatur et officiis magni non. Quas est voluptatem expedita ut inventore fuga. Et quia sint minus.', 34, '1970-06-08 05:02:25', '1988-08-28 22:08:54', 5, 10);
INSERT INTO `customer_reviews` (`rating`, `reviews`, `id`, `created-at`, `updated_at`, `users_id`, `products_id`) VALUES ('2', 'Illo libero voluptas harum et. Quas qui ipsum rerum beatae ipsam vero quod. Facere voluptate enim qui nam magnam. Molestias quia consequatur aliquam corporis fugit perspiciatis similique. Pariatur ut id molestias nisi.', 35, '1982-06-14 10:40:22', '2001-12-18 14:48:27', 10, 82);
INSERT INTO `customer_reviews` (`rating`, `reviews`, `id`, `created-at`, `updated_at`, `users_id`, `products_id`) VALUES ('4', 'Assumenda dolorem corrupti dignissimos repellat provident accusamus. Aliquid voluptas voluptatem consequatur ipsam vel illum.', 36, '1982-11-01 01:12:17', '0000-00-00 00:00:00', 6, 94);
INSERT INTO `customer_reviews` (`rating`, `reviews`, `id`, `created-at`, `updated_at`, `users_id`, `products_id`) VALUES ('3', 'Unde voluptatem magnam eum nemo recusandae. Voluptas tenetur minus dolor dicta sint cumque eum aliquid. Ea porro aliquid et sunt qui incidunt quis atque.', 37, '1980-05-01 11:27:24', '0000-00-00 00:00:00', 13, 130);
INSERT INTO `customer_reviews` (`rating`, `reviews`, `id`, `created-at`, `updated_at`, `users_id`, `products_id`) VALUES ('2', 'Corporis et omnis ducimus ut earum soluta. Ullam facilis nam impedit et nihil accusantium culpa. Non maxime corrupti ut hic ducimus. Expedita et vero et quo autem rerum. Nesciunt non nesciunt iste nam dolorem.', 38, '2012-10-16 12:03:14', '2015-04-30 19:39:48', 20, 31);
INSERT INTO `customer_reviews` (`rating`, `reviews`, `id`, `created-at`, `updated_at`, `users_id`, `products_id`) VALUES ('2', 'Enim ad et provident quod. Aut sit odit sunt ex vitae commodi reprehenderit. Asperiores nesciunt minima repudiandae laborum voluptas dolores excepturi.', 39, '1999-01-22 13:32:15', '1988-08-24 05:36:29', 10, 9);
INSERT INTO `customer_reviews` (`rating`, `reviews`, `id`, `created-at`, `updated_at`, `users_id`, `products_id`) VALUES ('5', 'Earum ut vel architecto unde. Dolores magni nesciunt fugiat velit. Sit quis quae magnam excepturi libero natus.', 40, '2014-11-25 02:59:05', '0000-00-00 00:00:00', 3, 69);
INSERT INTO `customer_reviews` (`rating`, `reviews`, `id`, `created-at`, `updated_at`, `users_id`, `products_id`) VALUES ('4', 'Repellat neque explicabo sequi. Qui nam inventore quis. Deleniti animi numquam assumenda reprehenderit eaque et.', 41, '2008-04-30 16:07:11', '0000-00-00 00:00:00', 6, 62);
INSERT INTO `customer_reviews` (`rating`, `reviews`, `id`, `created-at`, `updated_at`, `users_id`, `products_id`) VALUES ('5', 'Eos illum quaerat rerum illo illo doloribus. Architecto beatae velit vel velit. Suscipit autem numquam accusantium.', 42, '2011-11-08 11:29:35', '0000-00-00 00:00:00', 17, 172);
INSERT INTO `customer_reviews` (`rating`, `reviews`, `id`, `created-at`, `updated_at`, `users_id`, `products_id`) VALUES ('4', 'Laborum voluptate odio expedita rerum earum. Eum animi beatae non. Quisquam quidem iure ipsam et possimus ipsum ut. At quaerat eligendi officiis voluptas.', 43, '1989-09-18 21:26:34', '0000-00-00 00:00:00', 4, 154);
INSERT INTO `customer_reviews` (`rating`, `reviews`, `id`, `created-at`, `updated_at`, `users_id`, `products_id`) VALUES ('4', 'Error itaque assumenda velit quo. Assumenda illo odit error quo. Voluptatem aut tempora corporis inventore architecto et.', 44, '2003-07-18 17:12:06', '0000-00-00 00:00:00', 17, 87);
INSERT INTO `customer_reviews` (`rating`, `reviews`, `id`, `created-at`, `updated_at`, `users_id`, `products_id`) VALUES ('5', 'Ut accusamus sint quidem ut iusto qui est. Ea dolorum quidem officiis et nam at. Velit non est eum aut sit. Et accusantium debitis vel cupiditate aliquam ducimus.', 45, '1971-11-11 22:12:35', '1987-12-31 03:26:12', 19, 187);
INSERT INTO `customer_reviews` (`rating`, `reviews`, `id`, `created-at`, `updated_at`, `users_id`, `products_id`) VALUES ('4', 'In ad praesentium est illum. Sint eum suscipit optio tempora rem voluptatem. Non blanditiis atque modi dolorum debitis magnam consequatur.', 46, '1990-08-24 08:58:30', '0000-00-00 00:00:00', 15, 132);
INSERT INTO `customer_reviews` (`rating`, `reviews`, `id`, `created-at`, `updated_at`, `users_id`, `products_id`) VALUES ('2', 'Quis omnis rerum deleniti atque ducimus perferendis quia. Explicabo fuga ab maiores quia quod dolores odio. Numquam eos pariatur est rerum. Qui et neque sint possimus quis esse nihil ipsum.', 47, '1980-04-27 20:31:20', '2016-09-15 05:37:31', 9, 17);
INSERT INTO `customer_reviews` (`rating`, `reviews`, `id`, `created-at`, `updated_at`, `users_id`, `products_id`) VALUES ('4', 'Impedit tenetur deleniti sunt. Et omnis expedita dolor voluptatem illum quia adipisci. Minima in quis blanditiis similique.', 48, '1999-10-07 04:24:31', '1995-06-09 14:28:11', 7, 28);
INSERT INTO `customer_reviews` (`rating`, `reviews`, `id`, `created-at`, `updated_at`, `users_id`, `products_id`) VALUES ('1', 'Cum occaecati facilis sequi aliquam. Animi sapiente facilis sequi quam. Dolore totam quis repudiandae. Voluptatem minima qui id.', 49, '1979-02-12 22:35:38', '2010-03-01 04:58:20', 13, 109);
INSERT INTO `customer_reviews` (`rating`, `reviews`, `id`, `created-at`, `updated_at`, `users_id`, `products_id`) VALUES ('4', 'Dolor perspiciatis rerum aut nihil nemo earum similique accusamus. Accusantium consequatur dolorum fuga possimus nisi velit ad. Ut iure officiis qui exercitationem ex qui quis beatae. Tempora est et velit quia architecto.', 50, '1972-12-18 21:52:49', '2001-05-27 04:47:23', 4, 17);
INSERT INTO `customer_reviews` (`rating`, `reviews`, `id`, `created-at`, `updated_at`, `users_id`, `products_id`) VALUES ('5', 'Impedit harum corrupti voluptatibus iste facilis libero ipsa. Aliquid maxime praesentium sint accusantium aliquid veritatis ea. Aut incidunt repellendus incidunt ab eum aut.', 51, '2006-11-13 06:59:44', '0000-00-00 00:00:00', 20, 93);
INSERT INTO `customer_reviews` (`rating`, `reviews`, `id`, `created-at`, `updated_at`, `users_id`, `products_id`) VALUES ('5', 'Optio quae iusto architecto. Suscipit ut nesciunt eius eum. Placeat odit veritatis tenetur incidunt dolor et.', 52, '1995-09-12 03:17:37', '0000-00-00 00:00:00', 12, 112);
INSERT INTO `customer_reviews` (`rating`, `reviews`, `id`, `created-at`, `updated_at`, `users_id`, `products_id`) VALUES ('1', 'Ea aperiam voluptatem dignissimos ipsum atque quia ut. Assumenda magnam quibusdam blanditiis omnis consequatur aliquid fugit. Odio modi nemo aut iusto.', 53, '2000-07-11 08:05:17', '0000-00-00 00:00:00', 3, 110);
INSERT INTO `customer_reviews` (`rating`, `reviews`, `id`, `created-at`, `updated_at`, `users_id`, `products_id`) VALUES ('3', 'Corrupti numquam aut quidem laboriosam nisi dolorem amet. Beatae esse incidunt quae quia beatae expedita. Illo libero sed ut non laudantium unde. Ut et mollitia ullam nemo dolor ipsa.', 54, '1990-01-23 03:36:36', '1995-06-30 13:22:54', 15, 118);
INSERT INTO `customer_reviews` (`rating`, `reviews`, `id`, `created-at`, `updated_at`, `users_id`, `products_id`) VALUES ('5', 'Sunt cum eos et sunt sequi laudantium. Recusandae tempora a porro quis ullam eligendi. Dolores dignissimos omnis expedita corrupti maiores iusto voluptatibus.', 55, '2005-06-07 18:14:54', '0000-00-00 00:00:00', 12, 164);
INSERT INTO `customer_reviews` (`rating`, `reviews`, `id`, `created-at`, `updated_at`, `users_id`, `products_id`) VALUES ('5', 'Eum officia quia est aut quod. Dolorum et repudiandae repudiandae autem incidunt maxime libero. Quaerat dolor excepturi qui minima commodi. Velit exercitationem dignissimos et et. Sunt accusamus vitae consequatur facere.', 56, '2018-09-08 16:47:31', '2003-04-13 15:58:00', 19, 176);
INSERT INTO `customer_reviews` (`rating`, `reviews`, `id`, `created-at`, `updated_at`, `users_id`, `products_id`) VALUES ('4', 'Autem et maiores minima maiores consequuntur. Eligendi repudiandae aut provident nam voluptatem voluptas rem. Sit ut mollitia deserunt culpa.', 57, '1990-12-30 07:28:30', '0000-00-00 00:00:00', 3, 150);
INSERT INTO `customer_reviews` (`rating`, `reviews`, `id`, `created-at`, `updated_at`, `users_id`, `products_id`) VALUES ('4', 'Aut voluptates ratione molestiae placeat. Commodi dolores optio eos illo. Eaque aut exercitationem enim qui.', 58, '2003-02-04 21:35:23', '2014-07-12 00:47:15', 15, 61);
INSERT INTO `customer_reviews` (`rating`, `reviews`, `id`, `created-at`, `updated_at`, `users_id`, `products_id`) VALUES ('1', 'Dolorum repellat voluptatum dicta fugit molestiae. Assumenda pariatur qui rerum ea dolores. Vero voluptatem quasi ut atque.', 59, '2010-02-11 22:06:15', '1999-05-31 21:24:39', 11, 111);
INSERT INTO `customer_reviews` (`rating`, `reviews`, `id`, `created-at`, `updated_at`, `users_id`, `products_id`) VALUES ('2', 'Ullam beatae adipisci eum. Alias quis facilis illo veritatis. Et soluta quibusdam a error delectus quidem qui.', 60, '2017-12-03 14:13:58', '0000-00-00 00:00:00', 15, 90);
INSERT INTO `customer_reviews` (`rating`, `reviews`, `id`, `created-at`, `updated_at`, `users_id`, `products_id`) VALUES ('1', 'Dignissimos molestias et aut odio architecto. Enim debitis quia qui dolorum accusamus animi consequuntur sunt. Officiis quia dolorem nulla rem culpa quia aut.', 61, '1997-12-07 22:50:03', '2007-11-09 03:19:55', 10, 92);
INSERT INTO `customer_reviews` (`rating`, `reviews`, `id`, `created-at`, `updated_at`, `users_id`, `products_id`) VALUES ('1', 'Vero est explicabo qui recusandae nostrum tempore distinctio amet. Exercitationem nulla et dignissimos sed voluptates. Voluptatem sed dolores non sunt quo.', 62, '2009-03-02 12:22:36', '0000-00-00 00:00:00', 3, 185);
INSERT INTO `customer_reviews` (`rating`, `reviews`, `id`, `created-at`, `updated_at`, `users_id`, `products_id`) VALUES ('1', 'Recusandae facilis dolores beatae fuga. Ut laudantium eos saepe. Molestiae numquam ullam impedit consequatur et omnis. Consequatur est dolorum occaecati provident et.', 63, '2019-01-01 22:39:45', '0000-00-00 00:00:00', 11, 81);
INSERT INTO `customer_reviews` (`rating`, `reviews`, `id`, `created-at`, `updated_at`, `users_id`, `products_id`) VALUES ('2', 'Et cum odit vel atque occaecati. Architecto aspernatur molestiae eos quasi ducimus. Quas sed dolorem voluptatem cupiditate consequatur amet. Itaque alias alias voluptatem temporibus quia et.', 64, '1970-08-23 06:29:37', '1996-08-06 15:00:21', 2, 30);
INSERT INTO `customer_reviews` (`rating`, `reviews`, `id`, `created-at`, `updated_at`, `users_id`, `products_id`) VALUES ('1', 'Praesentium eveniet minima esse dolorem. Quia dolorum delectus neque voluptatem quod. Et autem eaque ducimus quo veritatis. Blanditiis ea ipsa vitae laborum deleniti unde.', 65, '1988-02-26 23:48:22', '2002-07-24 13:24:51', 19, 49);
INSERT INTO `customer_reviews` (`rating`, `reviews`, `id`, `created-at`, `updated_at`, `users_id`, `products_id`) VALUES ('4', 'Deserunt odio numquam voluptatem saepe consequuntur voluptas. Fugiat fugiat illum ipsa quia vitae veritatis fugiat. Tempore est consequatur nihil doloremque.', 66, '1980-05-19 09:02:33', '0000-00-00 00:00:00', 5, 181);
INSERT INTO `customer_reviews` (`rating`, `reviews`, `id`, `created-at`, `updated_at`, `users_id`, `products_id`) VALUES ('5', 'At sed tempora quod labore velit. Non rem dolorum in dolor sapiente vel facilis dignissimos. Esse quibusdam rerum voluptatibus nulla laudantium et. Hic autem dolorem et asperiores.', 67, '1975-08-25 11:30:55', '1991-12-07 03:42:00', 15, 158);
INSERT INTO `customer_reviews` (`rating`, `reviews`, `id`, `created-at`, `updated_at`, `users_id`, `products_id`) VALUES ('2', 'Sunt aut sit vel cum accusamus laborum qui placeat. Iusto quas excepturi incidunt ratione ullam vitae. Aut laudantium ipsa amet repellendus unde quis eum tempore.', 68, '2015-09-26 13:32:51', '1977-09-03 06:45:02', 10, 164);
INSERT INTO `customer_reviews` (`rating`, `reviews`, `id`, `created-at`, `updated_at`, `users_id`, `products_id`) VALUES ('2', 'Qui dolor a aut minus qui. Enim nihil provident nihil corrupti pariatur similique.', 69, '2013-02-02 18:08:08', '0000-00-00 00:00:00', 7, 34);
INSERT INTO `customer_reviews` (`rating`, `reviews`, `id`, `created-at`, `updated_at`, `users_id`, `products_id`) VALUES ('4', 'Eos facilis odio rerum doloribus temporibus. Repellendus in atque qui quo dolores quisquam fugiat. Ut quas reiciendis consequatur quaerat quidem maxime aut deleniti. Commodi magni praesentium aliquid neque autem optio et.', 70, '2010-11-25 11:42:42', '0000-00-00 00:00:00', 9, 186);
INSERT INTO `customer_reviews` (`rating`, `reviews`, `id`, `created-at`, `updated_at`, `users_id`, `products_id`) VALUES ('2', 'Eligendi at veniam consectetur ut adipisci incidunt autem eos. Cupiditate placeat dolor accusantium atque ut. Quo cupiditate et ex optio enim enim molestias harum.', 71, '1989-02-08 14:07:35', '0000-00-00 00:00:00', 20, 67);
INSERT INTO `customer_reviews` (`rating`, `reviews`, `id`, `created-at`, `updated_at`, `users_id`, `products_id`) VALUES ('2', 'Sit blanditiis animi saepe ex est. Aliquid numquam quo vel impedit voluptatem. Inventore quae incidunt provident dolorem cupiditate. Est eum occaecati illum blanditiis nemo veritatis repellendus.', 72, '1988-04-13 18:58:07', '0000-00-00 00:00:00', 17, 22);
INSERT INTO `customer_reviews` (`rating`, `reviews`, `id`, `created-at`, `updated_at`, `users_id`, `products_id`) VALUES ('3', 'Sint perferendis hic porro minima earum. Aut quo quia sint similique voluptas voluptas quae. Et laboriosam perferendis esse ut numquam laborum.', 73, '1975-09-15 17:43:54', '0000-00-00 00:00:00', 2, 110);
INSERT INTO `customer_reviews` (`rating`, `reviews`, `id`, `created-at`, `updated_at`, `users_id`, `products_id`) VALUES ('1', 'Dolorem eius nihil aut. Rerum id quis et et maiores est. Itaque saepe eos dolore quia sequi. Non voluptatem eum et quia.', 74, '2014-08-05 06:41:05', '0000-00-00 00:00:00', 9, 120);
INSERT INTO `customer_reviews` (`rating`, `reviews`, `id`, `created-at`, `updated_at`, `users_id`, `products_id`) VALUES ('4', 'Voluptas autem aut praesentium. Iusto et soluta numquam quod et. Et quod est alias velit occaecati. Minus dolore perferendis accusantium mollitia.', 75, '2002-02-06 20:05:53', '2013-01-09 10:19:02', 2, 29);
INSERT INTO `customer_reviews` (`rating`, `reviews`, `id`, `created-at`, `updated_at`, `users_id`, `products_id`) VALUES ('4', 'Dignissimos in quo cupiditate. Alias ut fuga sint.', 76, '2019-01-15 19:23:29', '0000-00-00 00:00:00', 1, 116);
INSERT INTO `customer_reviews` (`rating`, `reviews`, `id`, `created-at`, `updated_at`, `users_id`, `products_id`) VALUES ('3', 'Doloremque omnis nostrum aspernatur voluptatem dicta in ut quia. Beatae labore perspiciatis consequatur voluptas perferendis. Sit natus quia qui temporibus. Necessitatibus optio earum et.', 77, '2007-08-23 22:04:30', '1993-01-04 03:40:34', 13, 29);
INSERT INTO `customer_reviews` (`rating`, `reviews`, `id`, `created-at`, `updated_at`, `users_id`, `products_id`) VALUES ('3', 'Dolorem eos ducimus ratione explicabo reprehenderit iusto ut. Temporibus nisi modi aliquid quia recusandae. Quo tempora quisquam hic ab voluptatem ad. Voluptatem qui tenetur rerum velit harum.', 78, '2019-11-20 06:43:24', '0000-00-00 00:00:00', 11, 29);
INSERT INTO `customer_reviews` (`rating`, `reviews`, `id`, `created-at`, `updated_at`, `users_id`, `products_id`) VALUES ('5', 'Saepe libero excepturi aut labore quisquam. Numquam ex itaque quam ut ea fugiat. Rerum voluptatem ut saepe voluptatibus dolorum praesentium delectus.', 79, '1972-09-06 13:25:46', '0000-00-00 00:00:00', 11, 113);
INSERT INTO `customer_reviews` (`rating`, `reviews`, `id`, `created-at`, `updated_at`, `users_id`, `products_id`) VALUES ('5', 'Dolor iste modi eum voluptas. Aut in dignissimos rerum recusandae sed. Eius aut saepe qui eaque voluptas quibusdam.', 80, '1983-10-05 09:43:31', '0000-00-00 00:00:00', 6, 99);
INSERT INTO `customer_reviews` (`rating`, `reviews`, `id`, `created-at`, `updated_at`, `users_id`, `products_id`) VALUES ('3', 'Maxime commodi et tenetur tempore facilis vel hic. Reprehenderit adipisci maiores nihil consequuntur cumque ducimus voluptatem. Dignissimos recusandae harum praesentium veniam voluptatem. Perspiciatis dicta ut sit.', 81, '1970-09-01 00:11:17', '2019-12-01 21:40:05', 17, 106);
INSERT INTO `customer_reviews` (`rating`, `reviews`, `id`, `created-at`, `updated_at`, `users_id`, `products_id`) VALUES ('5', 'Molestias sit consectetur expedita repellat. Ipsum molestias accusantium quibusdam aperiam repellendus temporibus. Deleniti amet temporibus exercitationem corporis dolore repellat. Laboriosam nisi sint fugit consequatur minus ut.', 82, '2018-01-20 21:03:57', '2001-06-23 22:02:14', 8, 102);
INSERT INTO `customer_reviews` (`rating`, `reviews`, `id`, `created-at`, `updated_at`, `users_id`, `products_id`) VALUES ('5', 'Dolorem qui ullam amet omnis. Non optio aut ea incidunt beatae non voluptas. Fugit accusantium qui et repellendus dolorem dolorem. Repellat saepe nihil perspiciatis.', 83, '1988-02-25 10:24:03', '0000-00-00 00:00:00', 7, 171);
INSERT INTO `customer_reviews` (`rating`, `reviews`, `id`, `created-at`, `updated_at`, `users_id`, `products_id`) VALUES ('2', 'Qui ullam impedit et qui expedita earum. Sint dolorem quia quia eius. Et quia sit ratione eum quia. Quia amet molestiae dolorem et. Qui modi consequuntur exercitationem id reiciendis harum.', 84, '2008-07-26 13:03:21', '1976-12-05 22:41:17', 7, 131);
INSERT INTO `customer_reviews` (`rating`, `reviews`, `id`, `created-at`, `updated_at`, `users_id`, `products_id`) VALUES ('5', 'Et ipsum sit porro rerum et. Itaque quia tempora ullam blanditiis consectetur quia ullam. Quaerat explicabo ab ex dolor. Architecto et inventore sit vero dolor blanditiis.', 85, '2004-07-12 20:38:17', '2010-06-01 10:06:23', 1, 147);
INSERT INTO `customer_reviews` (`rating`, `reviews`, `id`, `created-at`, `updated_at`, `users_id`, `products_id`) VALUES ('3', 'Est porro qui at temporibus. Dolore qui dolorem nihil. Inventore magnam quisquam veniam et et enim voluptate.', 86, '1982-05-09 16:48:28', '0000-00-00 00:00:00', 12, 200);
INSERT INTO `customer_reviews` (`rating`, `reviews`, `id`, `created-at`, `updated_at`, `users_id`, `products_id`) VALUES ('3', 'Sed ea qui inventore natus ut voluptatem. Ratione qui blanditiis consequatur libero occaecati. Similique quo sed rem repudiandae neque. Ipsum et quasi laboriosam maiores alias repudiandae aut.', 87, '2018-06-28 23:43:21', '2002-10-12 08:52:17', 2, 78);
INSERT INTO `customer_reviews` (`rating`, `reviews`, `id`, `created-at`, `updated_at`, `users_id`, `products_id`) VALUES ('3', 'Necessitatibus corporis dolorum qui a numquam. Minus libero magni amet quas sit. A eum quasi optio dolorem dolorem dolore.', 88, '1991-02-11 12:24:52', '0000-00-00 00:00:00', 3, 30);
INSERT INTO `customer_reviews` (`rating`, `reviews`, `id`, `created-at`, `updated_at`, `users_id`, `products_id`) VALUES ('2', 'Sit rem est aut rerum fuga unde temporibus. Mollitia vero quisquam tempore incidunt. Soluta possimus non quod veniam doloribus labore dolorem.', 89, '2005-06-13 03:30:45', '0000-00-00 00:00:00', 19, 103);
INSERT INTO `customer_reviews` (`rating`, `reviews`, `id`, `created-at`, `updated_at`, `users_id`, `products_id`) VALUES ('3', 'Consequatur veritatis ratione ab libero deserunt unde. Laudantium voluptatibus perferendis velit veniam. Dolores magni doloremque ut qui. Quis amet earum dolorum.', 90, '1990-03-19 23:14:48', '1992-08-27 08:31:50', 15, 7);
INSERT INTO `customer_reviews` (`rating`, `reviews`, `id`, `created-at`, `updated_at`, `users_id`, `products_id`) VALUES ('3', 'Delectus consequuntur dolor et minus beatae libero quos. Aut atque rerum ea et sunt quis sit. Nemo iste reprehenderit eius voluptas quo earum tempore. Ut animi cumque accusamus laborum culpa mollitia quos temporibus.', 91, '1989-07-17 21:03:37', '0000-00-00 00:00:00', 14, 157);
INSERT INTO `customer_reviews` (`rating`, `reviews`, `id`, `created-at`, `updated_at`, `users_id`, `products_id`) VALUES ('5', 'Doloremque vero voluptatum ut facere corporis rem. Vero quia voluptate sunt. Earum molestiae quia consectetur fugiat et sed inventore. Illum ea modi molestias amet aut.', 92, '1979-03-10 07:51:18', '0000-00-00 00:00:00', 13, 52);
INSERT INTO `customer_reviews` (`rating`, `reviews`, `id`, `created-at`, `updated_at`, `users_id`, `products_id`) VALUES ('1', 'Distinctio minus maiores qui non dolorum aut qui. Cupiditate eum maxime amet necessitatibus quidem architecto. Exercitationem in deleniti officia fugit. Deserunt omnis laboriosam amet occaecati iusto.', 93, '1994-08-04 13:06:41', '1995-09-18 17:28:57', 19, 23);
INSERT INTO `customer_reviews` (`rating`, `reviews`, `id`, `created-at`, `updated_at`, `users_id`, `products_id`) VALUES ('2', 'Ea laboriosam deleniti aut natus nihil. Ex eius cupiditate veritatis corrupti sequi ipsa autem.', 94, '1999-12-22 15:15:42', '1987-08-23 09:12:18', 9, 95);
INSERT INTO `customer_reviews` (`rating`, `reviews`, `id`, `created-at`, `updated_at`, `users_id`, `products_id`) VALUES ('4', 'Sed aut natus unde blanditiis ad in accusamus sit. Eos corrupti rerum commodi et fuga culpa et. At iusto ratione omnis sit.', 95, '1987-04-22 19:52:56', '1995-03-18 07:46:55', 14, 140);
INSERT INTO `customer_reviews` (`rating`, `reviews`, `id`, `created-at`, `updated_at`, `users_id`, `products_id`) VALUES ('1', 'Ipsa totam voluptate et autem reiciendis incidunt consequatur voluptatem. Voluptatem libero quis et. Maiores rerum rerum unde molestiae.', 96, '1974-05-31 17:00:57', '2007-12-31 19:36:07', 20, 95);
INSERT INTO `customer_reviews` (`rating`, `reviews`, `id`, `created-at`, `updated_at`, `users_id`, `products_id`) VALUES ('4', 'Aliquam exercitationem quidem animi quidem modi minus. Id et enim laboriosam consequatur explicabo. Officia aliquid consequatur reprehenderit voluptatem.', 97, '2006-01-20 16:36:34', '0000-00-00 00:00:00', 5, 72);
INSERT INTO `customer_reviews` (`rating`, `reviews`, `id`, `created-at`, `updated_at`, `users_id`, `products_id`) VALUES ('3', 'Aut sunt ipsum quo eum maxime ut. Ratione laborum maxime quaerat voluptatibus odio. Aut sit facilis nihil facere corrupti nulla sint. Saepe voluptatem accusamus et quos culpa excepturi.', 98, '2006-04-19 02:29:30', '0000-00-00 00:00:00', 20, 109);
INSERT INTO `customer_reviews` (`rating`, `reviews`, `id`, `created-at`, `updated_at`, `users_id`, `products_id`) VALUES ('3', 'Minus enim et tenetur culpa error similique. Consequatur nihil quaerat ipsa a.', 99, '1971-12-01 12:43:29', '0000-00-00 00:00:00', 5, 62);
INSERT INTO `customer_reviews` (`rating`, `reviews`, `id`, `created-at`, `updated_at`, `users_id`, `products_id`) VALUES ('4', 'Pariatur aperiam eum ipsam tempora id. Minus tenetur beatae corrupti provident consectetur. Corrupti ex blanditiis molestiae non eum enim. Beatae provident non ullam aut.', 100, '2006-05-14 08:16:28', '2008-02-18 00:30:39', 4, 46);
INSERT INTO `customer_reviews` (`rating`, `reviews`, `id`, `created-at`, `updated_at`, `users_id`, `products_id`) VALUES ('3', 'Eum eaque ratione sapiente similique sit repellat. Qui inventore quia et ab sit id. Aspernatur quam nobis cumque consequuntur quod molestiae quia. Veritatis modi temporibus et quaerat et rerum. Necessitatibus inventore occaecati sunt ut recusandae aut.', 101, '1972-03-15 20:45:18', '2016-05-30 02:50:30', 1, 155);
INSERT INTO `customer_reviews` (`rating`, `reviews`, `id`, `created-at`, `updated_at`, `users_id`, `products_id`) VALUES ('3', 'Exercitationem occaecati et modi deleniti blanditiis. Adipisci non eum rerum quis. Aut ut eveniet sit sint. Nisi ipsam vero earum. Pariatur molestiae animi iste sit.', 102, '1993-03-10 13:56:15', '1991-12-10 21:13:35', 5, 22);
INSERT INTO `customer_reviews` (`rating`, `reviews`, `id`, `created-at`, `updated_at`, `users_id`, `products_id`) VALUES ('1', 'Voluptas voluptas numquam quia error sint impedit ea. Est nulla ullam ea quo. Reiciendis accusantium in officia recusandae eaque.', 103, '1980-05-31 00:10:38', '2019-02-25 11:11:03', 4, 66);
INSERT INTO `customer_reviews` (`rating`, `reviews`, `id`, `created-at`, `updated_at`, `users_id`, `products_id`) VALUES ('1', 'Delectus omnis ea atque. Quas aut harum dolores sit at provident. Voluptates et deserunt ab. Deserunt facilis soluta explicabo possimus nisi et culpa.', 104, '2010-03-10 15:23:59', '0000-00-00 00:00:00', 6, 20);
INSERT INTO `customer_reviews` (`rating`, `reviews`, `id`, `created-at`, `updated_at`, `users_id`, `products_id`) VALUES ('1', 'Magni doloremque sunt ex vitae. Totam laboriosam quae est in quidem eius. Iste magni aliquid dicta ex maiores a. Et vitae ex vero ullam numquam.', 105, '1994-08-15 08:17:58', '2002-05-25 17:49:47', 17, 200);
INSERT INTO `customer_reviews` (`rating`, `reviews`, `id`, `created-at`, `updated_at`, `users_id`, `products_id`) VALUES ('2', 'Amet assumenda maiores dolorum molestiae deleniti reprehenderit dolorum. Et ex illo sit omnis maxime qui aut. Eos qui magnam aperiam nemo animi.', 106, '2017-04-21 14:52:21', '0000-00-00 00:00:00', 3, 99);
INSERT INTO `customer_reviews` (`rating`, `reviews`, `id`, `created-at`, `updated_at`, `users_id`, `products_id`) VALUES ('2', 'Adipisci voluptatem et nobis dolor provident quas eaque. Recusandae labore tempore nam repellendus ab consectetur. Exercitationem porro quo molestiae vero. Veritatis ipsum dolores aut consequatur ipsum. Id animi sequi incidunt.', 107, '1973-01-16 03:26:00', '0000-00-00 00:00:00', 16, 148);
INSERT INTO `customer_reviews` (`rating`, `reviews`, `id`, `created-at`, `updated_at`, `users_id`, `products_id`) VALUES ('1', 'Repellat consequatur sed quibusdam ea explicabo voluptatem ex ex. Aut provident dolor temporibus voluptates quasi. Placeat adipisci maxime ab ea amet.', 108, '1985-03-25 00:18:44', '0000-00-00 00:00:00', 16, 142);
INSERT INTO `customer_reviews` (`rating`, `reviews`, `id`, `created-at`, `updated_at`, `users_id`, `products_id`) VALUES ('3', 'Earum eum quos dolores voluptates. Laboriosam voluptas aut ratione modi ullam dolorum. Commodi quia commodi repellendus tempore assumenda. Impedit aliquam atque veniam facere nihil dolores.', 109, '2004-11-21 15:29:12', '0000-00-00 00:00:00', 17, 31);
INSERT INTO `customer_reviews` (`rating`, `reviews`, `id`, `created-at`, `updated_at`, `users_id`, `products_id`) VALUES ('1', 'Autem at culpa sint iusto. Molestiae nesciunt in officiis molestiae similique. Aut quisquam reiciendis est voluptas consequuntur.', 110, '2015-06-04 14:05:05', '1978-04-30 12:54:56', 4, 105);
INSERT INTO `customer_reviews` (`rating`, `reviews`, `id`, `created-at`, `updated_at`, `users_id`, `products_id`) VALUES ('1', 'Aut sint expedita sit facilis. Ratione quisquam earum dolor aliquam in a. Ad aut nostrum porro ipsa.', 111, '2005-11-14 10:02:40', '0000-00-00 00:00:00', 18, 29);
INSERT INTO `customer_reviews` (`rating`, `reviews`, `id`, `created-at`, `updated_at`, `users_id`, `products_id`) VALUES ('5', 'Suscipit odio aperiam voluptatem veniam et. Debitis incidunt quis qui est.', 112, '2005-07-11 15:38:55', '1998-03-26 01:42:49', 20, 16);
INSERT INTO `customer_reviews` (`rating`, `reviews`, `id`, `created-at`, `updated_at`, `users_id`, `products_id`) VALUES ('5', 'Ut cupiditate voluptatem et commodi quisquam. Delectus et velit consequatur voluptas qui voluptatem. Iusto eos unde aperiam voluptas sint dolores.', 113, '2005-12-23 15:24:41', '0000-00-00 00:00:00', 11, 196);
INSERT INTO `customer_reviews` (`rating`, `reviews`, `id`, `created-at`, `updated_at`, `users_id`, `products_id`) VALUES ('5', 'Necessitatibus ipsa dolorem ullam esse. Expedita est quia aut nisi quas. Et unde non molestias.', 114, '2002-01-28 20:58:31', '2009-04-03 04:25:48', 13, 143);
INSERT INTO `customer_reviews` (`rating`, `reviews`, `id`, `created-at`, `updated_at`, `users_id`, `products_id`) VALUES ('3', 'Incidunt asperiores odit temporibus dolores in atque aperiam. Maxime cupiditate rerum omnis dignissimos quaerat quia aut ipsa. Est sint enim quod iste quis voluptas. Itaque eos modi maiores beatae.', 115, '2018-01-16 12:57:30', '1993-11-22 20:46:14', 6, 163);
INSERT INTO `customer_reviews` (`rating`, `reviews`, `id`, `created-at`, `updated_at`, `users_id`, `products_id`) VALUES ('3', 'Et nam molestias odit voluptas est impedit. Dolores explicabo molestiae occaecati repellendus quia voluptatem tenetur.', 116, '2016-02-03 05:47:32', '0000-00-00 00:00:00', 19, 66);
INSERT INTO `customer_reviews` (`rating`, `reviews`, `id`, `created-at`, `updated_at`, `users_id`, `products_id`) VALUES ('3', 'Nulla tempore aut nulla odit perferendis id non repudiandae. Porro eum ut eligendi voluptatem. Velit non esse ex ullam dignissimos eos tempora debitis.', 117, '1973-09-30 15:11:32', '0000-00-00 00:00:00', 12, 33);
INSERT INTO `customer_reviews` (`rating`, `reviews`, `id`, `created-at`, `updated_at`, `users_id`, `products_id`) VALUES ('3', 'Quia modi eos dolorum modi esse. Temporibus sunt ducimus omnis quasi natus. Eaque et maiores odio tempore quidem voluptatum facilis eius. Rerum totam voluptatibus necessitatibus suscipit aliquam assumenda. Repudiandae provident velit reiciendis commodi.', 118, '2007-08-02 21:27:04', '0000-00-00 00:00:00', 9, 151);
INSERT INTO `customer_reviews` (`rating`, `reviews`, `id`, `created-at`, `updated_at`, `users_id`, `products_id`) VALUES ('4', 'Cumque deserunt qui quaerat quo. Itaque nesciunt ut consequatur enim amet. Ullam voluptatem consectetur similique incidunt sunt voluptas quo. Incidunt aspernatur quasi quia aut. Nobis ex modi nesciunt eius beatae maxime quidem est.', 119, '2002-04-25 09:17:51', '0000-00-00 00:00:00', 10, 138);
INSERT INTO `customer_reviews` (`rating`, `reviews`, `id`, `created-at`, `updated_at`, `users_id`, `products_id`) VALUES ('1', 'Libero voluptate ab at voluptate. Qui quo iure molestiae laudantium autem consectetur fuga.', 120, '2001-02-23 05:09:49', '0000-00-00 00:00:00', 17, 66);
INSERT INTO `customer_reviews` (`rating`, `reviews`, `id`, `created-at`, `updated_at`, `users_id`, `products_id`) VALUES ('4', 'Qui sint rerum officiis tempora. Ut alias voluptatum possimus quia. Est dolore odio molestias quia recusandae delectus.', 121, '2020-05-12 21:02:49', '1976-04-01 23:55:40', 14, 195);
INSERT INTO `customer_reviews` (`rating`, `reviews`, `id`, `created-at`, `updated_at`, `users_id`, `products_id`) VALUES ('5', 'Id nihil aliquid sit ut veniam. Veritatis dignissimos aspernatur reprehenderit iure ab. Et aut delectus molestiae cumque suscipit qui eos maiores. Doloribus amet dolorum voluptatem.', 122, '1983-03-24 20:02:17', '1973-01-21 12:44:54', 17, 93);
INSERT INTO `customer_reviews` (`rating`, `reviews`, `id`, `created-at`, `updated_at`, `users_id`, `products_id`) VALUES ('4', 'Nesciunt vel voluptas omnis nihil magnam pariatur. Dolor dolor et aut. Iusto repudiandae est autem accusantium atque. Distinctio nihil id corrupti doloremque eum id laborum.', 123, '1986-12-04 17:16:43', '0000-00-00 00:00:00', 15, 115);
INSERT INTO `customer_reviews` (`rating`, `reviews`, `id`, `created-at`, `updated_at`, `users_id`, `products_id`) VALUES ('4', 'Velit quaerat aliquid excepturi repudiandae alias. Consectetur non ad quo totam debitis velit. Eius officiis recusandae voluptas aut minima placeat in. Rerum qui ut illo eum eos.', 124, '2003-07-20 21:55:49', '0000-00-00 00:00:00', 4, 112);
INSERT INTO `customer_reviews` (`rating`, `reviews`, `id`, `created-at`, `updated_at`, `users_id`, `products_id`) VALUES ('3', 'Qui nihil excepturi dolore consectetur. Animi iure sunt accusantium. Ut dolores aut est et in.', 125, '1993-10-05 10:17:01', '1989-11-03 21:41:58', 15, 70);
INSERT INTO `customer_reviews` (`rating`, `reviews`, `id`, `created-at`, `updated_at`, `users_id`, `products_id`) VALUES ('4', 'Rerum enim enim omnis voluptates eius. Aut fugiat perspiciatis eum molestiae nemo praesentium. Dicta a minus esse neque repellat quis.', 126, '2000-07-15 16:06:46', '2012-10-29 13:03:22', 2, 116);
INSERT INTO `customer_reviews` (`rating`, `reviews`, `id`, `created-at`, `updated_at`, `users_id`, `products_id`) VALUES ('2', 'Non delectus hic eius occaecati accusantium fugit doloribus vel. Mollitia eveniet enim adipisci architecto qui temporibus sit. Eos nobis et quo commodi itaque rerum reiciendis. In perspiciatis autem a tempore est eius.', 127, '1991-06-19 15:16:27', '1997-11-07 06:51:48', 10, 15);
INSERT INTO `customer_reviews` (`rating`, `reviews`, `id`, `created-at`, `updated_at`, `users_id`, `products_id`) VALUES ('1', 'Facere ut accusamus sed laudantium voluptas. Aut quo numquam quo voluptas facilis hic dolor. Iure blanditiis rerum non asperiores repellat velit. Beatae dolor molestiae quidem at consequatur voluptates sit.', 128, '1988-08-02 17:23:29', '0000-00-00 00:00:00', 14, 199);
INSERT INTO `customer_reviews` (`rating`, `reviews`, `id`, `created-at`, `updated_at`, `users_id`, `products_id`) VALUES ('5', 'Voluptatem velit tenetur esse ut. Qui animi aliquid similique quae nemo eos. Nihil eum voluptatum sed quod occaecati. Molestias ut fugit qui impedit blanditiis rerum rem. Atque enim explicabo et quia.', 129, '1996-12-24 02:23:18', '0000-00-00 00:00:00', 2, 56);
INSERT INTO `customer_reviews` (`rating`, `reviews`, `id`, `created-at`, `updated_at`, `users_id`, `products_id`) VALUES ('3', 'Vitae blanditiis sed sapiente perspiciatis expedita est vel. Quas mollitia atque dolorem et dicta. Autem doloremque sed voluptatum.', 130, '1982-10-15 19:22:40', '2009-05-09 11:15:09', 15, 68);
INSERT INTO `customer_reviews` (`rating`, `reviews`, `id`, `created-at`, `updated_at`, `users_id`, `products_id`) VALUES ('2', 'Porro magnam praesentium temporibus fuga. Culpa molestiae aliquam magni labore. Sit quas est quidem vero earum. Voluptatem eius ullam laborum atque illo harum tenetur.', 131, '2000-06-01 12:04:19', '0000-00-00 00:00:00', 2, 129);
INSERT INTO `customer_reviews` (`rating`, `reviews`, `id`, `created-at`, `updated_at`, `users_id`, `products_id`) VALUES ('2', 'Sequi et necessitatibus rem atque. Explicabo recusandae ab nostrum magnam cupiditate. Fuga quae sit illum aliquid.', 132, '1975-09-25 12:46:20', '1976-03-28 14:51:14', 14, 136);
INSERT INTO `customer_reviews` (`rating`, `reviews`, `id`, `created-at`, `updated_at`, `users_id`, `products_id`) VALUES ('3', 'Corrupti repellat dolor illo sit eveniet ea animi. Sunt ea iure quibusdam odio. Officia nulla molestias labore dolorum temporibus eveniet sed. Repudiandae vel autem qui optio placeat numquam tenetur.', 133, '2002-08-17 08:34:48', '2010-03-01 22:41:37', 17, 21);
INSERT INTO `customer_reviews` (`rating`, `reviews`, `id`, `created-at`, `updated_at`, `users_id`, `products_id`) VALUES ('3', 'Nihil et in aperiam ut animi aspernatur. Et dolores at id sequi totam commodi deserunt. Aut impedit quam eum est. Asperiores nobis dolor exercitationem.', 134, '1987-11-17 11:11:22', '2002-10-05 09:53:15', 9, 59);
INSERT INTO `customer_reviews` (`rating`, `reviews`, `id`, `created-at`, `updated_at`, `users_id`, `products_id`) VALUES ('2', 'Recusandae voluptatem deleniti explicabo et quod in. Qui nihil inventore consequuntur error. Voluptas laboriosam velit recusandae hic.', 135, '2016-02-27 14:59:10', '0000-00-00 00:00:00', 16, 56);
INSERT INTO `customer_reviews` (`rating`, `reviews`, `id`, `created-at`, `updated_at`, `users_id`, `products_id`) VALUES ('1', 'Explicabo reiciendis ipsam quia et mollitia vel est quo. Et quis error itaque quos et inventore.', 136, '2019-05-11 15:03:31', '1989-12-29 15:36:01', 13, 95);
INSERT INTO `customer_reviews` (`rating`, `reviews`, `id`, `created-at`, `updated_at`, `users_id`, `products_id`) VALUES ('2', 'Alias dolorem sit iste atque est voluptatem. Corporis ex consequuntur enim sapiente deserunt et enim. Dolorum aperiam sapiente suscipit.', 137, '1987-02-01 14:43:56', '1990-04-12 05:04:52', 5, 87);
INSERT INTO `customer_reviews` (`rating`, `reviews`, `id`, `created-at`, `updated_at`, `users_id`, `products_id`) VALUES ('2', 'Optio optio a explicabo qui. Delectus ut sequi magni quidem. Ut ipsam deleniti perspiciatis dolor culpa qui. Inventore ad voluptatem molestias accusantium vero inventore esse est.', 138, '1985-11-12 13:43:33', '1974-01-09 20:30:11', 19, 192);
INSERT INTO `customer_reviews` (`rating`, `reviews`, `id`, `created-at`, `updated_at`, `users_id`, `products_id`) VALUES ('4', 'Molestias atque non inventore. Et nam id nam libero laudantium expedita. Aut a est eligendi nesciunt ad sed praesentium. Nostrum amet voluptatem sed quod.', 139, '1999-07-06 23:14:05', '0000-00-00 00:00:00', 1, 22);
INSERT INTO `customer_reviews` (`rating`, `reviews`, `id`, `created-at`, `updated_at`, `users_id`, `products_id`) VALUES ('3', 'Maxime nihil eum enim saepe ipsum. Natus optio quibusdam aut qui. Harum ut qui distinctio qui et. Ut maiores et corporis.', 140, '2015-04-29 18:22:05', '2015-09-10 16:49:04', 11, 147);
INSERT INTO `customer_reviews` (`rating`, `reviews`, `id`, `created-at`, `updated_at`, `users_id`, `products_id`) VALUES ('2', 'Voluptatum architecto voluptatibus et officia. Quia fugit cupiditate nihil alias aliquam. Sit quis nulla fugiat aspernatur placeat culpa natus.', 141, '1990-06-02 02:43:55', '2009-03-20 19:47:01', 10, 120);
INSERT INTO `customer_reviews` (`rating`, `reviews`, `id`, `created-at`, `updated_at`, `users_id`, `products_id`) VALUES ('3', 'Et ut quia hic deserunt natus consequatur. Asperiores occaecati qui dolore dolores placeat est. Atque ut quidem nihil. Quisquam corrupti est illo dolores.', 142, '2018-05-27 10:03:57', '2009-06-17 06:09:29', 7, 190);
INSERT INTO `customer_reviews` (`rating`, `reviews`, `id`, `created-at`, `updated_at`, `users_id`, `products_id`) VALUES ('1', 'Tenetur maiores pariatur doloremque amet facere a. Tempore exercitationem est enim recusandae laboriosam non vel. Et labore dolor ducimus fuga. Maxime quisquam perspiciatis sed sequi quia quos iusto.', 143, '2003-06-28 17:25:52', '2007-06-12 19:46:23', 14, 193);
INSERT INTO `customer_reviews` (`rating`, `reviews`, `id`, `created-at`, `updated_at`, `users_id`, `products_id`) VALUES ('1', 'Ea dolor alias quibusdam ut beatae at sit. Dicta non dicta sit ea quos est tenetur. Occaecati optio ipsa distinctio saepe enim tenetur in.', 144, '2012-03-13 02:11:32', '0000-00-00 00:00:00', 19, 145);
INSERT INTO `customer_reviews` (`rating`, `reviews`, `id`, `created-at`, `updated_at`, `users_id`, `products_id`) VALUES ('3', 'Neque soluta deleniti dolorum non et earum. Expedita neque et illum. Quidem et aspernatur itaque asperiores hic ad omnis autem. Commodi debitis exercitationem alias suscipit pariatur aut occaecati recusandae.', 145, '1998-09-16 22:23:13', '0000-00-00 00:00:00', 5, 130);
INSERT INTO `customer_reviews` (`rating`, `reviews`, `id`, `created-at`, `updated_at`, `users_id`, `products_id`) VALUES ('4', 'Vitae ea quo ut aut itaque. Quia pariatur facilis nihil numquam autem est. Odio minus voluptatem expedita minus vitae autem illo cupiditate. In assumenda rem architecto natus.', 146, '1979-05-24 09:20:50', '1994-07-31 17:15:02', 2, 67);
INSERT INTO `customer_reviews` (`rating`, `reviews`, `id`, `created-at`, `updated_at`, `users_id`, `products_id`) VALUES ('1', 'Facere repellat sunt aliquam. Qui voluptate facilis commodi nam. Officiis accusantium sed error nihil aut non aliquid. Necessitatibus aliquid dolor doloribus est ut cum eius.', 147, '1987-12-10 21:58:18', '0000-00-00 00:00:00', 6, 146);
INSERT INTO `customer_reviews` (`rating`, `reviews`, `id`, `created-at`, `updated_at`, `users_id`, `products_id`) VALUES ('4', 'Facere similique aut sit. Rem atque aperiam animi ipsum quia. Eos eum beatae laudantium consectetur porro a maiores.', 148, '2012-09-27 14:48:54', '2015-11-20 19:07:35', 1, 19);
INSERT INTO `customer_reviews` (`rating`, `reviews`, `id`, `created-at`, `updated_at`, `users_id`, `products_id`) VALUES ('1', 'Distinctio numquam sit beatae quo ad facilis dicta cumque. Cupiditate deleniti possimus sapiente quia quis. Non iste neque consequuntur esse.', 149, '1975-10-29 20:00:51', '0000-00-00 00:00:00', 17, 89);
INSERT INTO `customer_reviews` (`rating`, `reviews`, `id`, `created-at`, `updated_at`, `users_id`, `products_id`) VALUES ('5', 'Quibusdam adipisci corporis sapiente perspiciatis. Ab aut error numquam hic voluptatem et. Omnis ut sunt illum quaerat praesentium exercitationem. Odio nihil molestiae ut sit quia itaque.', 150, '1990-02-22 05:31:50', '1991-12-19 19:04:38', 8, 125);
INSERT INTO `customer_reviews` (`rating`, `reviews`, `id`, `created-at`, `updated_at`, `users_id`, `products_id`) VALUES ('2', 'Quas est quam error. Et consequatur ratione ipsa facere sunt et dolor.', 151, '1984-03-06 02:37:34', '1986-01-05 20:17:11', 15, 200);
INSERT INTO `customer_reviews` (`rating`, `reviews`, `id`, `created-at`, `updated_at`, `users_id`, `products_id`) VALUES ('2', 'Molestias natus sit dolorum aut ratione laborum et. Dolor molestiae ea ut saepe. Ut consequatur beatae quod consequatur fugit repudiandae consequatur.', 152, '1991-10-07 14:50:00', '2010-06-01 12:08:39', 2, 194);
INSERT INTO `customer_reviews` (`rating`, `reviews`, `id`, `created-at`, `updated_at`, `users_id`, `products_id`) VALUES ('4', 'Corporis eos quam quaerat magnam. Libero itaque laudantium et quae architecto. Eius accusantium et est qui et.', 153, '2020-04-20 23:04:46', '1973-08-01 00:33:33', 9, 8);
INSERT INTO `customer_reviews` (`rating`, `reviews`, `id`, `created-at`, `updated_at`, `users_id`, `products_id`) VALUES ('1', 'Sapiente ipsam voluptatum enim quas tempore sint est nisi. Perferendis ipsam quia dolor tempore et.', 154, '2001-10-23 06:52:48', '0000-00-00 00:00:00', 19, 88);
INSERT INTO `customer_reviews` (`rating`, `reviews`, `id`, `created-at`, `updated_at`, `users_id`, `products_id`) VALUES ('4', 'Aut temporibus sit et est at modi beatae sequi. Optio unde ut maiores. Consectetur ipsam in vitae natus sequi repellendus cum. Et consequatur dolor suscipit iste error occaecati magnam consequatur.', 155, '1976-06-23 13:48:59', '1974-06-19 21:58:24', 3, 89);
INSERT INTO `customer_reviews` (`rating`, `reviews`, `id`, `created-at`, `updated_at`, `users_id`, `products_id`) VALUES ('2', 'Illo eveniet provident hic voluptas ut ut commodi. Fuga praesentium quae inventore totam inventore voluptate est. Mollitia quod nostrum laborum dolore.', 156, '1976-06-09 00:14:41', '1986-08-26 23:35:04', 4, 120);
INSERT INTO `customer_reviews` (`rating`, `reviews`, `id`, `created-at`, `updated_at`, `users_id`, `products_id`) VALUES ('4', 'Sunt aut facilis necessitatibus. Voluptas animi necessitatibus perferendis labore aliquid et. Et iure eum velit mollitia. Quaerat dolor vel temporibus aut dignissimos aperiam unde.', 157, '1988-12-13 18:36:44', '0000-00-00 00:00:00', 1, 95);
INSERT INTO `customer_reviews` (`rating`, `reviews`, `id`, `created-at`, `updated_at`, `users_id`, `products_id`) VALUES ('2', 'Autem non odio molestiae et. Fugiat aperiam culpa qui eveniet in eos. Laudantium nihil id enim id consequuntur totam.', 158, '1991-10-07 01:57:47', '1981-07-24 09:53:51', 11, 143);
INSERT INTO `customer_reviews` (`rating`, `reviews`, `id`, `created-at`, `updated_at`, `users_id`, `products_id`) VALUES ('5', 'Explicabo veniam enim est assumenda ut nam porro dignissimos. Facere dolore ipsam non nulla. Quia numquam explicabo ut id ut ab aut.', 159, '2002-12-09 05:19:11', '1990-02-10 17:43:07', 9, 98);
INSERT INTO `customer_reviews` (`rating`, `reviews`, `id`, `created-at`, `updated_at`, `users_id`, `products_id`) VALUES ('1', 'Praesentium autem labore dolore non ut. Rerum vel omnis quia id sed. Non id quo qui voluptas consequuntur. Ad fugiat numquam reiciendis omnis et dolorem sed tempore.', 160, '1980-02-05 08:11:03', '1999-08-20 05:19:17', 9, 136);
INSERT INTO `customer_reviews` (`rating`, `reviews`, `id`, `created-at`, `updated_at`, `users_id`, `products_id`) VALUES ('1', 'Et officiis suscipit provident repellendus autem velit pariatur. Quam molestiae omnis vel doloribus.', 161, '2000-05-19 13:04:05', '2011-03-11 15:48:11', 3, 100);
INSERT INTO `customer_reviews` (`rating`, `reviews`, `id`, `created-at`, `updated_at`, `users_id`, `products_id`) VALUES ('1', 'Eum distinctio voluptatem quo asperiores ipsam deleniti. Qui velit accusamus quas suscipit omnis rerum sed. Similique excepturi soluta est natus velit est ullam. Iste ut voluptas et dolore. Qui ut et soluta.', 162, '1971-01-24 04:19:50', '1993-02-19 18:04:03', 1, 84);
INSERT INTO `customer_reviews` (`rating`, `reviews`, `id`, `created-at`, `updated_at`, `users_id`, `products_id`) VALUES ('2', 'Et unde sit atque nihil nobis. Sit doloremque suscipit voluptatem repellat tempora. Laudantium suscipit similique quidem consequuntur. Sunt corrupti et commodi qui autem quod.', 163, '2016-12-24 03:29:20', '0000-00-00 00:00:00', 5, 5);
INSERT INTO `customer_reviews` (`rating`, `reviews`, `id`, `created-at`, `updated_at`, `users_id`, `products_id`) VALUES ('5', 'Ut iusto dolorem quo vel velit accusamus. Rerum id pariatur reiciendis voluptatem incidunt illum voluptatem.', 164, '2014-03-09 15:21:46', '0000-00-00 00:00:00', 11, 12);
INSERT INTO `customer_reviews` (`rating`, `reviews`, `id`, `created-at`, `updated_at`, `users_id`, `products_id`) VALUES ('3', 'Eius voluptas voluptatem enim vitae ut dolore. Et ad perferendis reprehenderit necessitatibus ipsum.', 165, '2015-08-19 19:32:12', '2008-12-18 02:10:55', 10, 179);
INSERT INTO `customer_reviews` (`rating`, `reviews`, `id`, `created-at`, `updated_at`, `users_id`, `products_id`) VALUES ('3', 'Quia minus ullam in. Amet et ea voluptas odio doloribus quibusdam nulla autem. Tempore animi delectus ducimus voluptatem dolorem reiciendis. Mollitia officia voluptatum sapiente facilis earum.', 166, '1997-12-29 07:29:17', '2014-09-24 23:18:03', 14, 37);
INSERT INTO `customer_reviews` (`rating`, `reviews`, `id`, `created-at`, `updated_at`, `users_id`, `products_id`) VALUES ('3', 'Eos ut maiores et et accusamus sequi. Sint quo non officiis odit amet occaecati. Sit incidunt ut maiores illum.', 167, '2010-01-22 03:57:48', '2017-07-20 12:07:25', 18, 156);
INSERT INTO `customer_reviews` (`rating`, `reviews`, `id`, `created-at`, `updated_at`, `users_id`, `products_id`) VALUES ('1', 'Tenetur qui adipisci magnam. Temporibus eligendi mollitia incidunt et nostrum et eligendi. Impedit voluptatem repudiandae harum eaque doloremque accusantium dolores ea. Harum vel et voluptas cupiditate.', 168, '2012-08-25 04:20:05', '2011-09-26 00:05:49', 4, 64);
INSERT INTO `customer_reviews` (`rating`, `reviews`, `id`, `created-at`, `updated_at`, `users_id`, `products_id`) VALUES ('5', 'Ut est nostrum iure accusantium debitis. Quis et aut natus quos quam dolores ut. Id atque veniam qui aut ratione atque maxime.', 169, '1973-07-22 09:58:17', '2019-10-21 21:29:12', 17, 16);
INSERT INTO `customer_reviews` (`rating`, `reviews`, `id`, `created-at`, `updated_at`, `users_id`, `products_id`) VALUES ('5', 'Impedit aspernatur sunt optio quisquam nihil. Nihil enim dolores nam excepturi doloribus assumenda sed. Fugit nobis ad ab ad et veritatis eum.', 170, '2008-05-18 06:48:14', '1982-02-18 06:50:18', 16, 192);
INSERT INTO `customer_reviews` (`rating`, `reviews`, `id`, `created-at`, `updated_at`, `users_id`, `products_id`) VALUES ('3', 'Nisi et non dolor facilis sed. Eveniet et eum doloremque suscipit. Omnis dolorum velit beatae magnam ut ducimus.', 171, '1989-10-11 23:53:17', '2007-04-17 12:16:38', 11, 185);
INSERT INTO `customer_reviews` (`rating`, `reviews`, `id`, `created-at`, `updated_at`, `users_id`, `products_id`) VALUES ('2', 'Ut ea eveniet nulla nam. Ad ut dicta excepturi inventore illum maiores. Tempora aut quod mollitia dolor reiciendis. Ut et vel accusamus ipsum ut eum eos sapiente.', 172, '1983-02-04 11:31:52', '1974-02-25 07:45:57', 12, 113);
INSERT INTO `customer_reviews` (`rating`, `reviews`, `id`, `created-at`, `updated_at`, `users_id`, `products_id`) VALUES ('1', 'Vel quis facere praesentium autem molestiae unde porro. Repellendus quo velit qui. Alias et quisquam necessitatibus earum.', 173, '2007-11-14 19:31:41', '1993-09-19 22:30:37', 8, 21);
INSERT INTO `customer_reviews` (`rating`, `reviews`, `id`, `created-at`, `updated_at`, `users_id`, `products_id`) VALUES ('2', 'Ut quo et iusto ex tempora id. Consequatur doloribus laudantium totam laborum praesentium sequi alias. Accusantium totam odio totam rem eum reiciendis. Maiores rem aperiam ut.', 174, '1991-10-26 13:33:59', '1977-11-14 08:37:39', 6, 167);
INSERT INTO `customer_reviews` (`rating`, `reviews`, `id`, `created-at`, `updated_at`, `users_id`, `products_id`) VALUES ('2', 'Ut et et reiciendis eos. Dolores et architecto repellat. Atque ut dolores quos. Sed non sit consequatur consequatur sed.', 175, '2015-03-23 17:55:21', '1976-08-30 05:23:16', 12, 143);
INSERT INTO `customer_reviews` (`rating`, `reviews`, `id`, `created-at`, `updated_at`, `users_id`, `products_id`) VALUES ('3', 'Id et sunt aut in veritatis aut assumenda. Ut minus minima fuga autem et et occaecati. Aut nihil rerum omnis veritatis velit vero.', 176, '2000-06-21 16:22:12', '0000-00-00 00:00:00', 11, 144);
INSERT INTO `customer_reviews` (`rating`, `reviews`, `id`, `created-at`, `updated_at`, `users_id`, `products_id`) VALUES ('1', 'Iusto quod dolorum sapiente quaerat. Voluptatum cumque architecto consequatur sint labore. Dolores vitae id id aliquam enim ut. Blanditiis nostrum sint vitae iure debitis ex.', 177, '1975-02-11 03:04:00', '1971-08-12 23:42:35', 5, 106);
INSERT INTO `customer_reviews` (`rating`, `reviews`, `id`, `created-at`, `updated_at`, `users_id`, `products_id`) VALUES ('2', 'Nemo molestiae est illo sapiente libero nemo expedita. Quia et atque in quos. Quo amet omnis id voluptates.', 178, '2016-11-02 04:20:23', '1984-12-18 06:37:48', 3, 87);
INSERT INTO `customer_reviews` (`rating`, `reviews`, `id`, `created-at`, `updated_at`, `users_id`, `products_id`) VALUES ('5', 'Dolor quia ut est odio. Et est neque eligendi et. Aut aut atque impedit est ut quo nesciunt harum.', 179, '1996-09-13 10:16:09', '0000-00-00 00:00:00', 12, 130);
INSERT INTO `customer_reviews` (`rating`, `reviews`, `id`, `created-at`, `updated_at`, `users_id`, `products_id`) VALUES ('3', 'Error harum voluptatum similique quidem ipsam eius. Nostrum quaerat unde architecto mollitia repudiandae. Consequatur tempore nulla minima labore et et dolor.', 180, '1978-11-25 13:54:55', '1981-04-06 21:56:20', 10, 4);
INSERT INTO `customer_reviews` (`rating`, `reviews`, `id`, `created-at`, `updated_at`, `users_id`, `products_id`) VALUES ('5', 'Veniam eum perferendis labore voluptas. Nostrum sed sint est sit omnis saepe. Aut eum omnis earum eum sunt hic. Et vero dignissimos aut.', 181, '1998-09-08 18:08:45', '2006-07-09 02:00:57', 11, 35);
INSERT INTO `customer_reviews` (`rating`, `reviews`, `id`, `created-at`, `updated_at`, `users_id`, `products_id`) VALUES ('2', 'Eveniet optio pariatur maiores sint atque magni sed ad. Asperiores eos et accusantium est. Omnis possimus illum veniam voluptatibus hic iure alias.', 182, '1978-12-12 20:24:34', '0000-00-00 00:00:00', 5, 86);
INSERT INTO `customer_reviews` (`rating`, `reviews`, `id`, `created-at`, `updated_at`, `users_id`, `products_id`) VALUES ('3', 'Odio sit qui quis porro explicabo velit. Natus veritatis quis voluptatem id sed doloribus. Maiores dicta possimus in sed eum. Atque vero ut labore illo corrupti.', 183, '2002-05-28 18:13:49', '2004-07-14 10:13:17', 19, 71);
INSERT INTO `customer_reviews` (`rating`, `reviews`, `id`, `created-at`, `updated_at`, `users_id`, `products_id`) VALUES ('1', 'Dicta quis et dignissimos eum. Numquam illo similique nisi eum recusandae quis. Rem qui doloribus dolorum doloremque a et odit. Maxime rem a nobis saepe consequuntur.', 184, '1978-09-03 17:37:48', '0000-00-00 00:00:00', 15, 153);
INSERT INTO `customer_reviews` (`rating`, `reviews`, `id`, `created-at`, `updated_at`, `users_id`, `products_id`) VALUES ('4', 'Dolore ut consequatur id similique nemo. Vitae est sed ratione aperiam quis perspiciatis. Cupiditate autem blanditiis impedit porro dolorum et maiores voluptatibus.', 185, '2001-01-29 08:18:26', '0000-00-00 00:00:00', 9, 101);
INSERT INTO `customer_reviews` (`rating`, `reviews`, `id`, `created-at`, `updated_at`, `users_id`, `products_id`) VALUES ('2', 'Minima nihil voluptatibus qui ipsam. Assumenda voluptatem placeat est repellat. Saepe at eum et quia veritatis accusantium. Dolores explicabo quasi reprehenderit deserunt.', 186, '2012-10-13 23:34:28', '1993-11-22 00:52:07', 15, 191);
INSERT INTO `customer_reviews` (`rating`, `reviews`, `id`, `created-at`, `updated_at`, `users_id`, `products_id`) VALUES ('4', 'Quaerat delectus reprehenderit voluptatibus nulla rerum enim. Cupiditate sint facere consequatur consequuntur necessitatibus. Laboriosam ad cumque voluptas non ut.', 187, '1994-08-04 08:02:15', '0000-00-00 00:00:00', 9, 56);
INSERT INTO `customer_reviews` (`rating`, `reviews`, `id`, `created-at`, `updated_at`, `users_id`, `products_id`) VALUES ('2', 'Quia maiores officiis ex. Maxime non ad qui. Quia voluptas illo maiores necessitatibus sed facere temporibus. Magni et quo omnis dolor velit optio quaerat soluta.', 188, '1978-01-08 16:52:08', '2002-04-02 19:39:13', 11, 165);
INSERT INTO `customer_reviews` (`rating`, `reviews`, `id`, `created-at`, `updated_at`, `users_id`, `products_id`) VALUES ('3', 'Reiciendis natus aut quia voluptatem qui fuga molestiae nam. Qui nulla alias doloribus explicabo dolor. Et eligendi quaerat tempore aut sunt est.', 189, '2004-10-15 19:14:58', '2006-08-24 14:08:53', 8, 159);
INSERT INTO `customer_reviews` (`rating`, `reviews`, `id`, `created-at`, `updated_at`, `users_id`, `products_id`) VALUES ('2', 'Ut perferendis provident quae unde esse facere qui. Praesentium natus et reiciendis sequi tempora culpa. Sunt consequatur numquam qui illum nulla atque maiores quasi.', 190, '1978-10-08 09:01:13', '0000-00-00 00:00:00', 14, 194);
INSERT INTO `customer_reviews` (`rating`, `reviews`, `id`, `created-at`, `updated_at`, `users_id`, `products_id`) VALUES ('4', 'Quas ut veritatis est neque praesentium pariatur eum. Occaecati dicta voluptas omnis sed voluptatem voluptatem ut. Natus dignissimos aut voluptatibus atque sit similique.', 191, '2013-10-15 01:56:17', '2009-06-20 00:05:49', 11, 34);
INSERT INTO `customer_reviews` (`rating`, `reviews`, `id`, `created-at`, `updated_at`, `users_id`, `products_id`) VALUES ('1', 'Dignissimos sit in laudantium quas. Perferendis similique non quia et. Sunt velit deleniti qui magnam est aut quis.', 192, '1992-04-12 02:49:55', '0000-00-00 00:00:00', 14, 142);
INSERT INTO `customer_reviews` (`rating`, `reviews`, `id`, `created-at`, `updated_at`, `users_id`, `products_id`) VALUES ('3', 'Et quae earum error ut. Quis iusto earum voluptatibus alias natus. Sequi ut harum aut sit rem architecto magni.', 193, '2005-04-12 18:16:59', '0000-00-00 00:00:00', 14, 165);
INSERT INTO `customer_reviews` (`rating`, `reviews`, `id`, `created-at`, `updated_at`, `users_id`, `products_id`) VALUES ('3', 'Velit laborum quia ipsa eaque. Aperiam suscipit sunt voluptatem sequi voluptatibus error mollitia. Eaque in deleniti accusamus dolorum enim voluptas nulla. Vitae reiciendis exercitationem ullam sed voluptatibus.', 194, '2009-09-16 01:39:30', '0000-00-00 00:00:00', 3, 50);
INSERT INTO `customer_reviews` (`rating`, `reviews`, `id`, `created-at`, `updated_at`, `users_id`, `products_id`) VALUES ('4', 'Voluptas consequatur a asperiores et natus architecto veniam. Dolores hic laudantium aut sit corrupti harum consequatur. Sapiente placeat facere impedit accusamus nemo. Consequatur perspiciatis repellendus et placeat ea aut dolores.', 195, '1971-07-17 07:42:45', '0000-00-00 00:00:00', 10, 127);
INSERT INTO `customer_reviews` (`rating`, `reviews`, `id`, `created-at`, `updated_at`, `users_id`, `products_id`) VALUES ('5', 'Sed vero dicta explicabo illum. Sequi eligendi vero in. Voluptates est beatae eaque soluta voluptate qui nihil. Sint eius dolorem autem est neque voluptatem inventore eius.', 196, '1990-07-20 01:13:22', '1990-11-04 11:22:25', 6, 1);
INSERT INTO `customer_reviews` (`rating`, `reviews`, `id`, `created-at`, `updated_at`, `users_id`, `products_id`) VALUES ('3', 'Nihil ut sit atque est. Provident nihil sit et sed nulla voluptatibus consequuntur. Velit illum sapiente quae dolorum voluptatem illo eum. Pariatur perspiciatis est ea atque non omnis.', 197, '2009-06-16 18:09:45', '0000-00-00 00:00:00', 17, 93);
INSERT INTO `customer_reviews` (`rating`, `reviews`, `id`, `created-at`, `updated_at`, `users_id`, `products_id`) VALUES ('2', 'Et fugit qui minus est quod alias a nihil. Consectetur reprehenderit aut eum sed possimus cumque laboriosam. Molestiae cumque ab animi itaque aut.', 198, '1986-10-18 10:45:25', '0000-00-00 00:00:00', 9, 150);
INSERT INTO `customer_reviews` (`rating`, `reviews`, `id`, `created-at`, `updated_at`, `users_id`, `products_id`) VALUES ('5', 'Sunt et quis et nobis aut nihil. Natus nisi atque et temporibus laboriosam ipsam. Vitae adipisci fuga rerum beatae cum aut ad.', 199, '2012-07-06 12:17:21', '1985-05-08 05:29:29', 17, 36);
INSERT INTO `customer_reviews` (`rating`, `reviews`, `id`, `created-at`, `updated_at`, `users_id`, `products_id`) VALUES ('2', 'Quibusdam quia soluta fugit voluptates suscipit hic. Nisi incidunt porro est voluptas iste adipisci libero. Quos quaerat ut vero.', 200, '2014-08-23 02:14:56', '0000-00-00 00:00:00', 11, 50);


#
# TABLE STRUCTURE FOR: orders
#

DROP TABLE IF EXISTS `orders`;

CREATE TABLE `orders` (
  `id` int(10) unsigned NOT NULL AUTO_INCREMENT,
  `created_at` datetime NOT NULL DEFAULT current_timestamp(),
  `updated_at` datetime DEFAULT current_timestamp() ON UPDATE current_timestamp(),
  `users_id` int(10) unsigned NOT NULL,
  PRIMARY KEY (`id`),
  KEY `fk_orders_users1_idx` (`users_id`),
  CONSTRAINT `fk_orders_users1` FOREIGN KEY (`users_id`) REFERENCES `users` (`id`)
) ENGINE=InnoDB AUTO_INCREMENT=1001 DEFAULT CHARSET=utf8mb4 COLLATE=utf8mb4_unicode_ci;

INSERT INTO `orders` (`id`, `created_at`, `updated_at`, `users_id`) VALUES (1, '2020-12-01 17:03:13', '1990-05-05 15:01:10', 14);
INSERT INTO `orders` (`id`, `created_at`, `updated_at`, `users_id`) VALUES (2, '2009-05-30 19:55:32', '1989-03-03 17:50:19', 14);
INSERT INTO `orders` (`id`, `created_at`, `updated_at`, `users_id`) VALUES (3, '2012-11-01 22:21:06', '2010-08-24 04:02:56', 14);
INSERT INTO `orders` (`id`, `created_at`, `updated_at`, `users_id`) VALUES (4, '2011-02-19 08:18:54', '1990-07-24 17:55:42', 5);
INSERT INTO `orders` (`id`, `created_at`, `updated_at`, `users_id`) VALUES (5, '1987-11-20 09:46:39', '0000-00-00 00:00:00', 6);
INSERT INTO `orders` (`id`, `created_at`, `updated_at`, `users_id`) VALUES (6, '2006-08-05 19:55:18', '0000-00-00 00:00:00', 6);
INSERT INTO `orders` (`id`, `created_at`, `updated_at`, `users_id`) VALUES (7, '1998-04-17 14:16:37', '0000-00-00 00:00:00', 2);
INSERT INTO `orders` (`id`, `created_at`, `updated_at`, `users_id`) VALUES (8, '1979-08-27 10:05:30', '0000-00-00 00:00:00', 20);
INSERT INTO `orders` (`id`, `created_at`, `updated_at`, `users_id`) VALUES (9, '2014-02-12 07:06:16', '2012-01-21 06:56:40', 13);
INSERT INTO `orders` (`id`, `created_at`, `updated_at`, `users_id`) VALUES (10, '1984-04-26 02:44:50', '2019-03-28 04:52:13', 17);
INSERT INTO `orders` (`id`, `created_at`, `updated_at`, `users_id`) VALUES (11, '1986-04-28 03:23:14', '0000-00-00 00:00:00', 8);
INSERT INTO `orders` (`id`, `created_at`, `updated_at`, `users_id`) VALUES (12, '1980-06-18 10:55:44', '1987-02-14 16:56:38', 12);
INSERT INTO `orders` (`id`, `created_at`, `updated_at`, `users_id`) VALUES (13, '2017-08-30 12:28:48', '1979-04-03 23:17:06', 13);
INSERT INTO `orders` (`id`, `created_at`, `updated_at`, `users_id`) VALUES (14, '1997-10-25 04:23:59', '1982-10-23 13:19:45', 19);
INSERT INTO `orders` (`id`, `created_at`, `updated_at`, `users_id`) VALUES (15, '1978-03-28 23:54:55', '1973-12-18 13:19:06', 14);
INSERT INTO `orders` (`id`, `created_at`, `updated_at`, `users_id`) VALUES (16, '1997-06-28 13:36:38', '0000-00-00 00:00:00', 17);
INSERT INTO `orders` (`id`, `created_at`, `updated_at`, `users_id`) VALUES (17, '1977-01-18 13:46:01', '0000-00-00 00:00:00', 11);
INSERT INTO `orders` (`id`, `created_at`, `updated_at`, `users_id`) VALUES (18, '2000-09-02 01:18:39', '0000-00-00 00:00:00', 17);
INSERT INTO `orders` (`id`, `created_at`, `updated_at`, `users_id`) VALUES (19, '2008-02-11 05:07:02', '0000-00-00 00:00:00', 20);
INSERT INTO `orders` (`id`, `created_at`, `updated_at`, `users_id`) VALUES (20, '2008-02-08 10:16:15', '2007-12-16 17:15:48', 16);
INSERT INTO `orders` (`id`, `created_at`, `updated_at`, `users_id`) VALUES (21, '1998-10-13 18:32:31', '0000-00-00 00:00:00', 17);
INSERT INTO `orders` (`id`, `created_at`, `updated_at`, `users_id`) VALUES (22, '1980-07-20 18:31:07', '2017-08-27 05:57:43', 9);
INSERT INTO `orders` (`id`, `created_at`, `updated_at`, `users_id`) VALUES (23, '2004-07-12 18:39:44', '2002-06-16 07:40:25', 16);
INSERT INTO `orders` (`id`, `created_at`, `updated_at`, `users_id`) VALUES (24, '2008-04-07 16:35:04', '0000-00-00 00:00:00', 14);
INSERT INTO `orders` (`id`, `created_at`, `updated_at`, `users_id`) VALUES (25, '2016-06-27 23:55:22', '2006-01-07 06:42:14', 6);
INSERT INTO `orders` (`id`, `created_at`, `updated_at`, `users_id`) VALUES (26, '2001-04-07 23:28:55', '0000-00-00 00:00:00', 18);
INSERT INTO `orders` (`id`, `created_at`, `updated_at`, `users_id`) VALUES (27, '2014-03-03 21:32:20', '0000-00-00 00:00:00', 8);
INSERT INTO `orders` (`id`, `created_at`, `updated_at`, `users_id`) VALUES (28, '2016-08-07 08:16:27', '0000-00-00 00:00:00', 9);
INSERT INTO `orders` (`id`, `created_at`, `updated_at`, `users_id`) VALUES (29, '1988-06-13 20:08:54', '0000-00-00 00:00:00', 10);
INSERT INTO `orders` (`id`, `created_at`, `updated_at`, `users_id`) VALUES (30, '2014-06-11 08:35:08', '1977-04-04 13:22:31', 7);
INSERT INTO `orders` (`id`, `created_at`, `updated_at`, `users_id`) VALUES (31, '1981-07-22 18:27:01', '1996-07-05 01:26:04', 14);
INSERT INTO `orders` (`id`, `created_at`, `updated_at`, `users_id`) VALUES (32, '2005-10-13 02:53:54', '0000-00-00 00:00:00', 4);
INSERT INTO `orders` (`id`, `created_at`, `updated_at`, `users_id`) VALUES (33, '1988-07-28 19:20:43', '0000-00-00 00:00:00', 1);
INSERT INTO `orders` (`id`, `created_at`, `updated_at`, `users_id`) VALUES (34, '1989-02-07 18:09:54', '2013-03-21 05:01:35', 8);
INSERT INTO `orders` (`id`, `created_at`, `updated_at`, `users_id`) VALUES (35, '2009-08-25 14:55:12', '2003-04-25 23:53:10', 9);
INSERT INTO `orders` (`id`, `created_at`, `updated_at`, `users_id`) VALUES (36, '1987-09-30 20:43:58', '1995-06-20 03:31:37', 6);
INSERT INTO `orders` (`id`, `created_at`, `updated_at`, `users_id`) VALUES (37, '1990-03-21 03:38:28', '0000-00-00 00:00:00', 13);
INSERT INTO `orders` (`id`, `created_at`, `updated_at`, `users_id`) VALUES (38, '1990-09-07 15:42:43', '2001-10-10 02:32:45', 11);
INSERT INTO `orders` (`id`, `created_at`, `updated_at`, `users_id`) VALUES (39, '2000-06-07 23:22:03', '1984-07-27 09:57:20', 6);
INSERT INTO `orders` (`id`, `created_at`, `updated_at`, `users_id`) VALUES (40, '2020-06-19 10:49:40', '0000-00-00 00:00:00', 5);
INSERT INTO `orders` (`id`, `created_at`, `updated_at`, `users_id`) VALUES (41, '2009-10-15 05:33:45', '0000-00-00 00:00:00', 7);
INSERT INTO `orders` (`id`, `created_at`, `updated_at`, `users_id`) VALUES (42, '1991-05-30 06:52:57', '0000-00-00 00:00:00', 14);
INSERT INTO `orders` (`id`, `created_at`, `updated_at`, `users_id`) VALUES (43, '2015-09-13 21:13:19', '0000-00-00 00:00:00', 17);
INSERT INTO `orders` (`id`, `created_at`, `updated_at`, `users_id`) VALUES (44, '1998-07-02 21:17:11', '1987-10-09 10:45:44', 20);
INSERT INTO `orders` (`id`, `created_at`, `updated_at`, `users_id`) VALUES (45, '2006-01-17 07:37:39', '1980-01-10 08:17:54', 12);
INSERT INTO `orders` (`id`, `created_at`, `updated_at`, `users_id`) VALUES (46, '2004-05-06 01:05:37', '0000-00-00 00:00:00', 10);
INSERT INTO `orders` (`id`, `created_at`, `updated_at`, `users_id`) VALUES (47, '2007-04-18 14:55:48', '2016-04-27 21:30:57', 16);
INSERT INTO `orders` (`id`, `created_at`, `updated_at`, `users_id`) VALUES (48, '2012-02-22 11:57:50', '0000-00-00 00:00:00', 3);
INSERT INTO `orders` (`id`, `created_at`, `updated_at`, `users_id`) VALUES (49, '2006-10-11 03:37:59', '0000-00-00 00:00:00', 6);
INSERT INTO `orders` (`id`, `created_at`, `updated_at`, `users_id`) VALUES (50, '1973-12-16 19:03:14', '0000-00-00 00:00:00', 16);
INSERT INTO `orders` (`id`, `created_at`, `updated_at`, `users_id`) VALUES (51, '2013-09-20 21:07:36', '1984-01-22 17:53:16', 19);
INSERT INTO `orders` (`id`, `created_at`, `updated_at`, `users_id`) VALUES (52, '1971-04-07 11:30:18', '1977-08-20 19:35:04', 3);
INSERT INTO `orders` (`id`, `created_at`, `updated_at`, `users_id`) VALUES (53, '1982-06-08 12:36:10', '1977-05-23 03:54:58', 4);
INSERT INTO `orders` (`id`, `created_at`, `updated_at`, `users_id`) VALUES (54, '2000-10-31 23:59:02', '1977-07-06 02:30:04', 15);
INSERT INTO `orders` (`id`, `created_at`, `updated_at`, `users_id`) VALUES (55, '2017-08-15 20:16:12', '0000-00-00 00:00:00', 17);
INSERT INTO `orders` (`id`, `created_at`, `updated_at`, `users_id`) VALUES (56, '2000-01-23 03:38:22', '2009-05-30 22:20:38', 9);
INSERT INTO `orders` (`id`, `created_at`, `updated_at`, `users_id`) VALUES (57, '2002-06-27 16:13:09', '0000-00-00 00:00:00', 12);
INSERT INTO `orders` (`id`, `created_at`, `updated_at`, `users_id`) VALUES (58, '1973-08-27 23:59:30', '2019-02-21 07:40:58', 4);
INSERT INTO `orders` (`id`, `created_at`, `updated_at`, `users_id`) VALUES (59, '2010-12-09 06:01:22', '0000-00-00 00:00:00', 18);
INSERT INTO `orders` (`id`, `created_at`, `updated_at`, `users_id`) VALUES (60, '2013-03-08 17:40:13', '1989-07-18 22:29:40', 2);
INSERT INTO `orders` (`id`, `created_at`, `updated_at`, `users_id`) VALUES (61, '1984-06-16 10:53:39', '2018-11-04 07:53:58', 11);
INSERT INTO `orders` (`id`, `created_at`, `updated_at`, `users_id`) VALUES (62, '1993-12-14 22:43:05', '2008-06-24 05:05:11', 12);
INSERT INTO `orders` (`id`, `created_at`, `updated_at`, `users_id`) VALUES (63, '1972-05-18 02:46:55', '0000-00-00 00:00:00', 6);
INSERT INTO `orders` (`id`, `created_at`, `updated_at`, `users_id`) VALUES (64, '1975-01-04 15:14:37', '0000-00-00 00:00:00', 11);
INSERT INTO `orders` (`id`, `created_at`, `updated_at`, `users_id`) VALUES (65, '2011-07-02 07:27:02', '1976-07-29 20:46:33', 19);
INSERT INTO `orders` (`id`, `created_at`, `updated_at`, `users_id`) VALUES (66, '2018-07-31 03:21:06', '0000-00-00 00:00:00', 14);
INSERT INTO `orders` (`id`, `created_at`, `updated_at`, `users_id`) VALUES (67, '1983-09-14 23:43:49', '0000-00-00 00:00:00', 17);
INSERT INTO `orders` (`id`, `created_at`, `updated_at`, `users_id`) VALUES (68, '2012-08-24 00:35:07', '2011-10-02 12:51:33', 12);
INSERT INTO `orders` (`id`, `created_at`, `updated_at`, `users_id`) VALUES (69, '2009-05-29 23:09:18', '2003-07-29 17:54:44', 4);
INSERT INTO `orders` (`id`, `created_at`, `updated_at`, `users_id`) VALUES (70, '1985-03-11 15:35:34', '1993-02-28 22:36:37', 3);
INSERT INTO `orders` (`id`, `created_at`, `updated_at`, `users_id`) VALUES (71, '1983-04-13 18:22:24', '1991-08-28 07:52:35', 17);
INSERT INTO `orders` (`id`, `created_at`, `updated_at`, `users_id`) VALUES (72, '1981-10-24 00:23:02', '1992-10-23 10:28:54', 11);
INSERT INTO `orders` (`id`, `created_at`, `updated_at`, `users_id`) VALUES (73, '1974-11-24 12:14:39', '1977-08-29 16:18:21', 16);
INSERT INTO `orders` (`id`, `created_at`, `updated_at`, `users_id`) VALUES (74, '1996-07-29 22:42:29', '2012-09-04 02:54:31', 13);
INSERT INTO `orders` (`id`, `created_at`, `updated_at`, `users_id`) VALUES (75, '2006-08-21 22:15:32', '0000-00-00 00:00:00', 10);
INSERT INTO `orders` (`id`, `created_at`, `updated_at`, `users_id`) VALUES (76, '1987-12-14 06:24:25', '2019-09-02 09:05:15', 8);
INSERT INTO `orders` (`id`, `created_at`, `updated_at`, `users_id`) VALUES (77, '1972-01-06 00:43:31', '0000-00-00 00:00:00', 2);
INSERT INTO `orders` (`id`, `created_at`, `updated_at`, `users_id`) VALUES (78, '2020-10-05 13:40:23', '1998-03-20 01:30:37', 6);
INSERT INTO `orders` (`id`, `created_at`, `updated_at`, `users_id`) VALUES (79, '1974-08-22 17:25:37', '0000-00-00 00:00:00', 11);
INSERT INTO `orders` (`id`, `created_at`, `updated_at`, `users_id`) VALUES (80, '2012-05-21 02:14:13', '1981-02-27 17:08:22', 8);
INSERT INTO `orders` (`id`, `created_at`, `updated_at`, `users_id`) VALUES (81, '2004-07-23 23:51:22', '0000-00-00 00:00:00', 2);
INSERT INTO `orders` (`id`, `created_at`, `updated_at`, `users_id`) VALUES (82, '1981-12-13 05:01:46', '2018-11-03 19:16:13', 9);
INSERT INTO `orders` (`id`, `created_at`, `updated_at`, `users_id`) VALUES (83, '2018-02-26 02:06:54', '1991-08-15 20:40:52', 11);
INSERT INTO `orders` (`id`, `created_at`, `updated_at`, `users_id`) VALUES (84, '2004-09-01 11:42:30', '1990-01-25 22:09:02', 5);
INSERT INTO `orders` (`id`, `created_at`, `updated_at`, `users_id`) VALUES (85, '2017-08-18 11:00:54', '0000-00-00 00:00:00', 3);
INSERT INTO `orders` (`id`, `created_at`, `updated_at`, `users_id`) VALUES (86, '1981-08-20 22:23:14', '1976-02-07 15:34:21', 7);
INSERT INTO `orders` (`id`, `created_at`, `updated_at`, `users_id`) VALUES (87, '1982-11-05 14:53:02', '2010-12-06 16:03:59', 14);
INSERT INTO `orders` (`id`, `created_at`, `updated_at`, `users_id`) VALUES (88, '1984-01-07 03:02:10', '0000-00-00 00:00:00', 14);
INSERT INTO `orders` (`id`, `created_at`, `updated_at`, `users_id`) VALUES (89, '1983-12-11 11:50:15', '0000-00-00 00:00:00', 10);
INSERT INTO `orders` (`id`, `created_at`, `updated_at`, `users_id`) VALUES (90, '1973-09-06 07:00:09', '0000-00-00 00:00:00', 11);
INSERT INTO `orders` (`id`, `created_at`, `updated_at`, `users_id`) VALUES (91, '2019-09-26 15:38:58', '0000-00-00 00:00:00', 16);
INSERT INTO `orders` (`id`, `created_at`, `updated_at`, `users_id`) VALUES (92, '2017-01-09 06:22:04', '1985-03-08 00:58:57', 20);
INSERT INTO `orders` (`id`, `created_at`, `updated_at`, `users_id`) VALUES (93, '2011-11-06 11:28:50', '1981-09-13 03:04:11', 3);
INSERT INTO `orders` (`id`, `created_at`, `updated_at`, `users_id`) VALUES (94, '2007-05-11 04:13:47', '2007-09-08 18:17:29', 1);
INSERT INTO `orders` (`id`, `created_at`, `updated_at`, `users_id`) VALUES (95, '1999-06-21 19:39:10', '2003-05-15 14:49:21', 11);
INSERT INTO `orders` (`id`, `created_at`, `updated_at`, `users_id`) VALUES (96, '2019-09-25 23:59:19', '0000-00-00 00:00:00', 1);
INSERT INTO `orders` (`id`, `created_at`, `updated_at`, `users_id`) VALUES (97, '1987-05-11 06:40:26', '2015-10-18 04:17:15', 15);
INSERT INTO `orders` (`id`, `created_at`, `updated_at`, `users_id`) VALUES (98, '1995-07-09 18:03:15', '0000-00-00 00:00:00', 8);
INSERT INTO `orders` (`id`, `created_at`, `updated_at`, `users_id`) VALUES (99, '1973-12-10 10:48:16', '0000-00-00 00:00:00', 13);
INSERT INTO `orders` (`id`, `created_at`, `updated_at`, `users_id`) VALUES (100, '1996-06-30 14:56:50', '0000-00-00 00:00:00', 19);
INSERT INTO `orders` (`id`, `created_at`, `updated_at`, `users_id`) VALUES (101, '2014-02-06 11:10:34', '1988-12-07 05:14:39', 10);
INSERT INTO `orders` (`id`, `created_at`, `updated_at`, `users_id`) VALUES (102, '1988-12-20 09:10:52', '2004-11-08 15:52:04', 9);
INSERT INTO `orders` (`id`, `created_at`, `updated_at`, `users_id`) VALUES (103, '1982-06-29 13:36:27', '1973-02-15 04:53:46', 9);
INSERT INTO `orders` (`id`, `created_at`, `updated_at`, `users_id`) VALUES (104, '1988-06-08 02:18:11', '2018-07-26 23:15:10', 6);
INSERT INTO `orders` (`id`, `created_at`, `updated_at`, `users_id`) VALUES (105, '2019-06-25 14:42:40', '0000-00-00 00:00:00', 1);
INSERT INTO `orders` (`id`, `created_at`, `updated_at`, `users_id`) VALUES (106, '2003-09-18 00:09:55', '1980-11-22 04:35:50', 19);
INSERT INTO `orders` (`id`, `created_at`, `updated_at`, `users_id`) VALUES (107, '1978-11-06 23:40:03', '2020-12-24 14:39:46', 13);
INSERT INTO `orders` (`id`, `created_at`, `updated_at`, `users_id`) VALUES (108, '1972-03-02 02:24:10', '2005-04-11 14:09:22', 3);
INSERT INTO `orders` (`id`, `created_at`, `updated_at`, `users_id`) VALUES (109, '2012-10-18 08:22:56', '1986-03-27 07:30:11', 5);
INSERT INTO `orders` (`id`, `created_at`, `updated_at`, `users_id`) VALUES (110, '1997-12-09 10:45:04', '0000-00-00 00:00:00', 3);
INSERT INTO `orders` (`id`, `created_at`, `updated_at`, `users_id`) VALUES (111, '2016-08-27 23:03:20', '0000-00-00 00:00:00', 11);
INSERT INTO `orders` (`id`, `created_at`, `updated_at`, `users_id`) VALUES (112, '1995-02-19 21:30:15', '2004-08-23 14:02:32', 6);
INSERT INTO `orders` (`id`, `created_at`, `updated_at`, `users_id`) VALUES (113, '2009-12-03 12:02:54', '0000-00-00 00:00:00', 11);
INSERT INTO `orders` (`id`, `created_at`, `updated_at`, `users_id`) VALUES (114, '2005-11-30 12:22:34', '2003-11-22 06:51:19', 1);
INSERT INTO `orders` (`id`, `created_at`, `updated_at`, `users_id`) VALUES (115, '1992-08-12 01:19:50', '2014-06-20 14:39:24', 11);
INSERT INTO `orders` (`id`, `created_at`, `updated_at`, `users_id`) VALUES (116, '2001-11-30 13:55:51', '1987-03-08 06:26:08', 13);
INSERT INTO `orders` (`id`, `created_at`, `updated_at`, `users_id`) VALUES (117, '1983-12-13 07:32:41', '0000-00-00 00:00:00', 8);
INSERT INTO `orders` (`id`, `created_at`, `updated_at`, `users_id`) VALUES (118, '2004-06-15 02:28:28', '0000-00-00 00:00:00', 4);
INSERT INTO `orders` (`id`, `created_at`, `updated_at`, `users_id`) VALUES (119, '2002-09-07 10:51:52', '1979-01-29 21:22:55', 7);
INSERT INTO `orders` (`id`, `created_at`, `updated_at`, `users_id`) VALUES (120, '1995-01-30 07:46:00', '0000-00-00 00:00:00', 17);
INSERT INTO `orders` (`id`, `created_at`, `updated_at`, `users_id`) VALUES (121, '2017-04-18 18:34:44', '0000-00-00 00:00:00', 15);
INSERT INTO `orders` (`id`, `created_at`, `updated_at`, `users_id`) VALUES (122, '2002-11-11 01:57:37', '0000-00-00 00:00:00', 3);
INSERT INTO `orders` (`id`, `created_at`, `updated_at`, `users_id`) VALUES (123, '2020-06-06 09:04:30', '0000-00-00 00:00:00', 17);
INSERT INTO `orders` (`id`, `created_at`, `updated_at`, `users_id`) VALUES (124, '2014-12-17 01:41:25', '1970-03-24 08:03:53', 17);
INSERT INTO `orders` (`id`, `created_at`, `updated_at`, `users_id`) VALUES (125, '2012-06-01 04:46:43', '0000-00-00 00:00:00', 3);
INSERT INTO `orders` (`id`, `created_at`, `updated_at`, `users_id`) VALUES (126, '2000-08-16 05:07:31', '0000-00-00 00:00:00', 8);
INSERT INTO `orders` (`id`, `created_at`, `updated_at`, `users_id`) VALUES (127, '1982-09-27 01:02:41', '0000-00-00 00:00:00', 18);
INSERT INTO `orders` (`id`, `created_at`, `updated_at`, `users_id`) VALUES (128, '2000-07-26 10:07:21', '1974-08-02 21:21:02', 17);
INSERT INTO `orders` (`id`, `created_at`, `updated_at`, `users_id`) VALUES (129, '1991-08-22 04:33:54', '2006-03-27 08:01:29', 15);
INSERT INTO `orders` (`id`, `created_at`, `updated_at`, `users_id`) VALUES (130, '1994-03-17 18:20:30', '2013-08-20 06:53:04', 10);
INSERT INTO `orders` (`id`, `created_at`, `updated_at`, `users_id`) VALUES (131, '2001-05-20 22:15:27', '0000-00-00 00:00:00', 16);
INSERT INTO `orders` (`id`, `created_at`, `updated_at`, `users_id`) VALUES (132, '1974-10-04 00:49:33', '0000-00-00 00:00:00', 5);
INSERT INTO `orders` (`id`, `created_at`, `updated_at`, `users_id`) VALUES (133, '1971-09-28 10:57:37', '1972-07-25 15:15:20', 18);
INSERT INTO `orders` (`id`, `created_at`, `updated_at`, `users_id`) VALUES (134, '1974-01-16 01:02:39', '0000-00-00 00:00:00', 4);
INSERT INTO `orders` (`id`, `created_at`, `updated_at`, `users_id`) VALUES (135, '1974-12-15 04:20:06', '1997-07-10 15:01:47', 10);
INSERT INTO `orders` (`id`, `created_at`, `updated_at`, `users_id`) VALUES (136, '1984-03-14 05:25:17', '1983-04-08 03:01:42', 19);
INSERT INTO `orders` (`id`, `created_at`, `updated_at`, `users_id`) VALUES (137, '1970-08-05 20:07:07', '1988-09-09 03:14:59', 3);
INSERT INTO `orders` (`id`, `created_at`, `updated_at`, `users_id`) VALUES (138, '1994-08-03 20:09:01', '0000-00-00 00:00:00', 2);
INSERT INTO `orders` (`id`, `created_at`, `updated_at`, `users_id`) VALUES (139, '2000-12-18 03:10:29', '2012-10-15 11:16:20', 2);
INSERT INTO `orders` (`id`, `created_at`, `updated_at`, `users_id`) VALUES (140, '2010-10-07 07:56:25', '2010-03-09 04:21:47', 8);
INSERT INTO `orders` (`id`, `created_at`, `updated_at`, `users_id`) VALUES (141, '1996-12-18 19:15:32', '2006-01-23 20:32:22', 5);
INSERT INTO `orders` (`id`, `created_at`, `updated_at`, `users_id`) VALUES (142, '1975-09-13 04:35:36', '1989-04-22 11:22:37', 13);
INSERT INTO `orders` (`id`, `created_at`, `updated_at`, `users_id`) VALUES (143, '1974-06-27 23:07:30', '1991-12-07 12:40:13', 14);
INSERT INTO `orders` (`id`, `created_at`, `updated_at`, `users_id`) VALUES (144, '1999-02-23 04:38:50', '2008-06-19 08:36:49', 16);
INSERT INTO `orders` (`id`, `created_at`, `updated_at`, `users_id`) VALUES (145, '2012-04-05 16:24:09', '2016-09-17 21:11:17', 14);
INSERT INTO `orders` (`id`, `created_at`, `updated_at`, `users_id`) VALUES (146, '2017-01-17 17:31:18', '1979-11-27 14:10:23', 4);
INSERT INTO `orders` (`id`, `created_at`, `updated_at`, `users_id`) VALUES (147, '2009-03-06 02:52:46', '1976-07-10 03:10:21', 9);
INSERT INTO `orders` (`id`, `created_at`, `updated_at`, `users_id`) VALUES (148, '2009-11-08 05:17:02', '0000-00-00 00:00:00', 1);
INSERT INTO `orders` (`id`, `created_at`, `updated_at`, `users_id`) VALUES (149, '1975-11-20 06:08:14', '0000-00-00 00:00:00', 8);
INSERT INTO `orders` (`id`, `created_at`, `updated_at`, `users_id`) VALUES (150, '1978-02-25 15:48:19', '1988-07-31 18:08:26', 15);
INSERT INTO `orders` (`id`, `created_at`, `updated_at`, `users_id`) VALUES (151, '1996-11-14 15:37:17', '0000-00-00 00:00:00', 18);
INSERT INTO `orders` (`id`, `created_at`, `updated_at`, `users_id`) VALUES (152, '2009-08-12 13:50:39', '0000-00-00 00:00:00', 2);
INSERT INTO `orders` (`id`, `created_at`, `updated_at`, `users_id`) VALUES (153, '1982-12-01 22:57:49', '2017-04-27 06:16:48', 18);
INSERT INTO `orders` (`id`, `created_at`, `updated_at`, `users_id`) VALUES (154, '2000-08-04 06:12:22', '1991-11-09 11:15:09', 14);
INSERT INTO `orders` (`id`, `created_at`, `updated_at`, `users_id`) VALUES (155, '1975-06-23 22:28:20', '1982-04-22 03:13:43', 18);
INSERT INTO `orders` (`id`, `created_at`, `updated_at`, `users_id`) VALUES (156, '1977-12-20 00:39:44', '0000-00-00 00:00:00', 20);
INSERT INTO `orders` (`id`, `created_at`, `updated_at`, `users_id`) VALUES (157, '2000-11-17 09:49:12', '0000-00-00 00:00:00', 2);
INSERT INTO `orders` (`id`, `created_at`, `updated_at`, `users_id`) VALUES (158, '1975-06-04 02:50:12', '0000-00-00 00:00:00', 16);
INSERT INTO `orders` (`id`, `created_at`, `updated_at`, `users_id`) VALUES (159, '1995-01-14 17:45:00', '0000-00-00 00:00:00', 17);
INSERT INTO `orders` (`id`, `created_at`, `updated_at`, `users_id`) VALUES (160, '2009-12-18 03:29:20', '2013-01-09 12:16:47', 16);
INSERT INTO `orders` (`id`, `created_at`, `updated_at`, `users_id`) VALUES (161, '2015-01-26 18:34:29', '0000-00-00 00:00:00', 5);
INSERT INTO `orders` (`id`, `created_at`, `updated_at`, `users_id`) VALUES (162, '2001-09-21 11:26:43', '0000-00-00 00:00:00', 12);
INSERT INTO `orders` (`id`, `created_at`, `updated_at`, `users_id`) VALUES (163, '1994-07-24 15:32:55', '2009-10-03 14:12:35', 1);
INSERT INTO `orders` (`id`, `created_at`, `updated_at`, `users_id`) VALUES (164, '2000-01-29 12:50:14', '1972-06-16 10:38:42', 3);
INSERT INTO `orders` (`id`, `created_at`, `updated_at`, `users_id`) VALUES (165, '1983-04-27 09:04:56', '0000-00-00 00:00:00', 16);
INSERT INTO `orders` (`id`, `created_at`, `updated_at`, `users_id`) VALUES (166, '1977-03-14 09:32:26', '1982-04-07 14:02:34', 10);
INSERT INTO `orders` (`id`, `created_at`, `updated_at`, `users_id`) VALUES (167, '2010-02-04 04:33:18', '1976-04-30 12:14:51', 2);
INSERT INTO `orders` (`id`, `created_at`, `updated_at`, `users_id`) VALUES (168, '1987-12-14 15:40:38', '0000-00-00 00:00:00', 19);
INSERT INTO `orders` (`id`, `created_at`, `updated_at`, `users_id`) VALUES (169, '1970-04-03 17:15:15', '2005-05-30 08:57:34', 12);
INSERT INTO `orders` (`id`, `created_at`, `updated_at`, `users_id`) VALUES (170, '1987-04-27 11:12:45', '2019-04-23 11:51:55', 3);
INSERT INTO `orders` (`id`, `created_at`, `updated_at`, `users_id`) VALUES (171, '1971-09-11 02:41:40', '0000-00-00 00:00:00', 6);
INSERT INTO `orders` (`id`, `created_at`, `updated_at`, `users_id`) VALUES (172, '1972-08-12 19:09:02', '1998-08-13 18:25:20', 17);
INSERT INTO `orders` (`id`, `created_at`, `updated_at`, `users_id`) VALUES (173, '2011-12-20 15:50:53', '1987-02-25 01:12:12', 16);
INSERT INTO `orders` (`id`, `created_at`, `updated_at`, `users_id`) VALUES (174, '1979-04-25 07:15:26', '1972-08-09 07:06:43', 19);
INSERT INTO `orders` (`id`, `created_at`, `updated_at`, `users_id`) VALUES (175, '2012-05-04 10:09:11', '0000-00-00 00:00:00', 12);
INSERT INTO `orders` (`id`, `created_at`, `updated_at`, `users_id`) VALUES (176, '1989-10-15 01:01:20', '2003-01-07 03:47:21', 9);
INSERT INTO `orders` (`id`, `created_at`, `updated_at`, `users_id`) VALUES (177, '2003-02-09 17:39:53', '0000-00-00 00:00:00', 3);
INSERT INTO `orders` (`id`, `created_at`, `updated_at`, `users_id`) VALUES (178, '2011-05-15 07:49:24', '0000-00-00 00:00:00', 20);
INSERT INTO `orders` (`id`, `created_at`, `updated_at`, `users_id`) VALUES (179, '1990-06-29 02:08:27', '1995-03-10 07:11:14', 9);
INSERT INTO `orders` (`id`, `created_at`, `updated_at`, `users_id`) VALUES (180, '1986-04-18 05:38:20', '1998-02-27 11:32:52', 10);
INSERT INTO `orders` (`id`, `created_at`, `updated_at`, `users_id`) VALUES (181, '1988-01-13 08:47:45', '2019-11-06 03:20:31', 15);
INSERT INTO `orders` (`id`, `created_at`, `updated_at`, `users_id`) VALUES (182, '1990-02-05 01:53:39', '0000-00-00 00:00:00', 7);
INSERT INTO `orders` (`id`, `created_at`, `updated_at`, `users_id`) VALUES (183, '2005-11-06 10:40:46', '1994-08-02 23:10:41', 12);
INSERT INTO `orders` (`id`, `created_at`, `updated_at`, `users_id`) VALUES (184, '2013-06-06 07:12:28', '1997-12-23 03:22:07', 12);
INSERT INTO `orders` (`id`, `created_at`, `updated_at`, `users_id`) VALUES (185, '1996-10-14 22:30:11', '0000-00-00 00:00:00', 20);
INSERT INTO `orders` (`id`, `created_at`, `updated_at`, `users_id`) VALUES (186, '2009-10-26 13:53:01', '2014-05-29 17:51:02', 10);
INSERT INTO `orders` (`id`, `created_at`, `updated_at`, `users_id`) VALUES (187, '1986-02-01 00:43:11', '0000-00-00 00:00:00', 12);
INSERT INTO `orders` (`id`, `created_at`, `updated_at`, `users_id`) VALUES (188, '1971-01-20 22:33:17', '2019-08-05 14:34:44', 2);
INSERT INTO `orders` (`id`, `created_at`, `updated_at`, `users_id`) VALUES (189, '2010-04-06 02:53:22', '2005-09-02 06:57:10', 5);
INSERT INTO `orders` (`id`, `created_at`, `updated_at`, `users_id`) VALUES (190, '1980-09-04 05:35:31', '0000-00-00 00:00:00', 8);
INSERT INTO `orders` (`id`, `created_at`, `updated_at`, `users_id`) VALUES (191, '1984-04-15 08:14:55', '0000-00-00 00:00:00', 18);
INSERT INTO `orders` (`id`, `created_at`, `updated_at`, `users_id`) VALUES (192, '1978-10-05 15:16:07', '0000-00-00 00:00:00', 10);
INSERT INTO `orders` (`id`, `created_at`, `updated_at`, `users_id`) VALUES (193, '1988-09-09 10:02:06', '0000-00-00 00:00:00', 20);
INSERT INTO `orders` (`id`, `created_at`, `updated_at`, `users_id`) VALUES (194, '2009-07-13 13:00:27', '0000-00-00 00:00:00', 18);
INSERT INTO `orders` (`id`, `created_at`, `updated_at`, `users_id`) VALUES (195, '2017-10-10 14:25:02', '0000-00-00 00:00:00', 12);
INSERT INTO `orders` (`id`, `created_at`, `updated_at`, `users_id`) VALUES (196, '2017-12-21 02:19:59', '0000-00-00 00:00:00', 15);
INSERT INTO `orders` (`id`, `created_at`, `updated_at`, `users_id`) VALUES (197, '2016-12-29 17:05:22', '0000-00-00 00:00:00', 7);
INSERT INTO `orders` (`id`, `created_at`, `updated_at`, `users_id`) VALUES (198, '1970-08-26 10:40:42', '0000-00-00 00:00:00', 13);
INSERT INTO `orders` (`id`, `created_at`, `updated_at`, `users_id`) VALUES (199, '2021-02-27 14:24:58', '0000-00-00 00:00:00', 13);
INSERT INTO `orders` (`id`, `created_at`, `updated_at`, `users_id`) VALUES (200, '2016-10-15 00:53:31', '2011-04-26 12:45:07', 19);
INSERT INTO `orders` (`id`, `created_at`, `updated_at`, `users_id`) VALUES (201, '2019-06-14 05:17:31', '1978-05-16 09:00:30', 16);
INSERT INTO `orders` (`id`, `created_at`, `updated_at`, `users_id`) VALUES (202, '2018-06-14 22:30:22', '0000-00-00 00:00:00', 19);
INSERT INTO `orders` (`id`, `created_at`, `updated_at`, `users_id`) VALUES (203, '1987-06-10 23:34:14', '2015-11-19 01:15:11', 15);
INSERT INTO `orders` (`id`, `created_at`, `updated_at`, `users_id`) VALUES (204, '2001-04-18 17:16:03', '0000-00-00 00:00:00', 11);
INSERT INTO `orders` (`id`, `created_at`, `updated_at`, `users_id`) VALUES (205, '1982-07-11 16:31:43', '1994-02-14 11:41:40', 18);
INSERT INTO `orders` (`id`, `created_at`, `updated_at`, `users_id`) VALUES (206, '2013-02-23 02:45:47', '2000-09-24 13:15:43', 6);
INSERT INTO `orders` (`id`, `created_at`, `updated_at`, `users_id`) VALUES (207, '1992-11-01 02:40:57', '2013-10-19 06:23:45', 20);
INSERT INTO `orders` (`id`, `created_at`, `updated_at`, `users_id`) VALUES (208, '1970-03-28 03:38:39', '0000-00-00 00:00:00', 20);
INSERT INTO `orders` (`id`, `created_at`, `updated_at`, `users_id`) VALUES (209, '2000-01-23 08:12:15', '0000-00-00 00:00:00', 6);
INSERT INTO `orders` (`id`, `created_at`, `updated_at`, `users_id`) VALUES (210, '1988-06-25 16:38:15', '1975-01-12 15:52:48', 9);
INSERT INTO `orders` (`id`, `created_at`, `updated_at`, `users_id`) VALUES (211, '1973-10-22 14:54:25', '0000-00-00 00:00:00', 10);
INSERT INTO `orders` (`id`, `created_at`, `updated_at`, `users_id`) VALUES (212, '1980-02-05 01:57:35', '0000-00-00 00:00:00', 20);
INSERT INTO `orders` (`id`, `created_at`, `updated_at`, `users_id`) VALUES (213, '1987-09-17 01:18:16', '0000-00-00 00:00:00', 15);
INSERT INTO `orders` (`id`, `created_at`, `updated_at`, `users_id`) VALUES (214, '2002-03-11 20:09:42', '0000-00-00 00:00:00', 2);
INSERT INTO `orders` (`id`, `created_at`, `updated_at`, `users_id`) VALUES (215, '1995-11-17 04:22:57', '0000-00-00 00:00:00', 12);
INSERT INTO `orders` (`id`, `created_at`, `updated_at`, `users_id`) VALUES (216, '2011-11-17 07:31:29', '0000-00-00 00:00:00', 15);
INSERT INTO `orders` (`id`, `created_at`, `updated_at`, `users_id`) VALUES (217, '1976-10-20 06:52:22', '0000-00-00 00:00:00', 11);
INSERT INTO `orders` (`id`, `created_at`, `updated_at`, `users_id`) VALUES (218, '2012-08-03 05:38:50', '1976-07-28 09:45:51', 3);
INSERT INTO `orders` (`id`, `created_at`, `updated_at`, `users_id`) VALUES (219, '2013-04-05 20:52:03', '0000-00-00 00:00:00', 16);
INSERT INTO `orders` (`id`, `created_at`, `updated_at`, `users_id`) VALUES (220, '1993-12-27 17:40:22', '2007-03-28 23:18:17', 16);
INSERT INTO `orders` (`id`, `created_at`, `updated_at`, `users_id`) VALUES (221, '2018-08-17 11:46:43', '0000-00-00 00:00:00', 11);
INSERT INTO `orders` (`id`, `created_at`, `updated_at`, `users_id`) VALUES (222, '2002-07-08 16:24:15', '2008-09-19 05:19:48', 13);
INSERT INTO `orders` (`id`, `created_at`, `updated_at`, `users_id`) VALUES (223, '1978-05-03 05:19:49', '0000-00-00 00:00:00', 5);
INSERT INTO `orders` (`id`, `created_at`, `updated_at`, `users_id`) VALUES (224, '1975-12-26 19:32:40', '0000-00-00 00:00:00', 10);
INSERT INTO `orders` (`id`, `created_at`, `updated_at`, `users_id`) VALUES (225, '1994-05-27 17:55:42', '1997-10-26 19:43:51', 10);
INSERT INTO `orders` (`id`, `created_at`, `updated_at`, `users_id`) VALUES (226, '1989-06-03 20:32:07', '0000-00-00 00:00:00', 16);
INSERT INTO `orders` (`id`, `created_at`, `updated_at`, `users_id`) VALUES (227, '1997-02-26 14:03:21', '0000-00-00 00:00:00', 5);
INSERT INTO `orders` (`id`, `created_at`, `updated_at`, `users_id`) VALUES (228, '2012-04-07 16:56:22', '0000-00-00 00:00:00', 17);
INSERT INTO `orders` (`id`, `created_at`, `updated_at`, `users_id`) VALUES (229, '2020-07-26 08:36:21', '0000-00-00 00:00:00', 9);
INSERT INTO `orders` (`id`, `created_at`, `updated_at`, `users_id`) VALUES (230, '2004-12-05 15:58:33', '0000-00-00 00:00:00', 18);
INSERT INTO `orders` (`id`, `created_at`, `updated_at`, `users_id`) VALUES (231, '1999-08-06 04:53:48', '2006-12-24 10:44:27', 15);
INSERT INTO `orders` (`id`, `created_at`, `updated_at`, `users_id`) VALUES (232, '2018-06-20 06:35:00', '0000-00-00 00:00:00', 4);
INSERT INTO `orders` (`id`, `created_at`, `updated_at`, `users_id`) VALUES (233, '2013-10-08 01:55:56', '2003-04-27 21:01:51', 16);
INSERT INTO `orders` (`id`, `created_at`, `updated_at`, `users_id`) VALUES (234, '1973-10-03 02:49:45', '0000-00-00 00:00:00', 10);
INSERT INTO `orders` (`id`, `created_at`, `updated_at`, `users_id`) VALUES (235, '1995-04-18 08:44:32', '2001-02-13 22:20:57', 15);
INSERT INTO `orders` (`id`, `created_at`, `updated_at`, `users_id`) VALUES (236, '1998-11-13 07:15:06', '2004-09-04 11:24:41', 14);
INSERT INTO `orders` (`id`, `created_at`, `updated_at`, `users_id`) VALUES (237, '2016-04-03 11:39:11', '0000-00-00 00:00:00', 15);
INSERT INTO `orders` (`id`, `created_at`, `updated_at`, `users_id`) VALUES (238, '2006-05-11 21:52:15', '0000-00-00 00:00:00', 15);
INSERT INTO `orders` (`id`, `created_at`, `updated_at`, `users_id`) VALUES (239, '2016-04-29 12:48:10', '0000-00-00 00:00:00', 13);
INSERT INTO `orders` (`id`, `created_at`, `updated_at`, `users_id`) VALUES (240, '1987-04-24 05:43:28', '1996-11-15 02:15:29', 1);
INSERT INTO `orders` (`id`, `created_at`, `updated_at`, `users_id`) VALUES (241, '2013-12-21 20:52:57', '1975-03-28 10:35:21', 3);
INSERT INTO `orders` (`id`, `created_at`, `updated_at`, `users_id`) VALUES (242, '2010-08-05 13:59:17', '0000-00-00 00:00:00', 3);
INSERT INTO `orders` (`id`, `created_at`, `updated_at`, `users_id`) VALUES (243, '2006-05-29 05:27:42', '2018-08-12 21:06:03', 1);
INSERT INTO `orders` (`id`, `created_at`, `updated_at`, `users_id`) VALUES (244, '1990-10-18 12:03:05', '0000-00-00 00:00:00', 17);
INSERT INTO `orders` (`id`, `created_at`, `updated_at`, `users_id`) VALUES (245, '1973-01-03 23:52:03', '0000-00-00 00:00:00', 4);
INSERT INTO `orders` (`id`, `created_at`, `updated_at`, `users_id`) VALUES (246, '1971-02-13 00:00:40', '0000-00-00 00:00:00', 12);
INSERT INTO `orders` (`id`, `created_at`, `updated_at`, `users_id`) VALUES (247, '2014-05-25 03:24:18', '2004-11-03 06:52:25', 11);
INSERT INTO `orders` (`id`, `created_at`, `updated_at`, `users_id`) VALUES (248, '1976-06-28 04:39:18', '2001-01-26 12:00:07', 15);
INSERT INTO `orders` (`id`, `created_at`, `updated_at`, `users_id`) VALUES (249, '2012-05-11 15:32:06', '0000-00-00 00:00:00', 15);
INSERT INTO `orders` (`id`, `created_at`, `updated_at`, `users_id`) VALUES (250, '2004-10-07 20:54:26', '0000-00-00 00:00:00', 6);
INSERT INTO `orders` (`id`, `created_at`, `updated_at`, `users_id`) VALUES (251, '2007-09-26 09:17:19', '1970-04-10 07:10:22', 10);
INSERT INTO `orders` (`id`, `created_at`, `updated_at`, `users_id`) VALUES (252, '1977-10-13 09:41:24', '0000-00-00 00:00:00', 5);
INSERT INTO `orders` (`id`, `created_at`, `updated_at`, `users_id`) VALUES (253, '2019-08-30 02:10:57', '2008-10-01 03:30:05', 19);
INSERT INTO `orders` (`id`, `created_at`, `updated_at`, `users_id`) VALUES (254, '1978-02-02 21:14:31', '1978-06-20 15:38:08', 14);
INSERT INTO `orders` (`id`, `created_at`, `updated_at`, `users_id`) VALUES (255, '2002-06-08 04:35:38', '1976-02-22 19:59:40', 15);
INSERT INTO `orders` (`id`, `created_at`, `updated_at`, `users_id`) VALUES (256, '1982-03-09 20:38:06', '2006-05-15 03:07:47', 8);
INSERT INTO `orders` (`id`, `created_at`, `updated_at`, `users_id`) VALUES (257, '2014-08-26 11:55:39', '2017-10-29 18:06:02', 10);
INSERT INTO `orders` (`id`, `created_at`, `updated_at`, `users_id`) VALUES (258, '2012-03-05 05:30:17', '2003-03-22 01:06:37', 19);
INSERT INTO `orders` (`id`, `created_at`, `updated_at`, `users_id`) VALUES (259, '1974-07-25 19:25:54', '1978-12-20 00:38:02', 4);
INSERT INTO `orders` (`id`, `created_at`, `updated_at`, `users_id`) VALUES (260, '2014-04-21 01:32:33', '1990-12-22 16:38:39', 18);
INSERT INTO `orders` (`id`, `created_at`, `updated_at`, `users_id`) VALUES (261, '1989-11-12 09:17:24', '2015-06-14 12:20:55', 17);
INSERT INTO `orders` (`id`, `created_at`, `updated_at`, `users_id`) VALUES (262, '2017-12-10 13:21:46', '0000-00-00 00:00:00', 19);
INSERT INTO `orders` (`id`, `created_at`, `updated_at`, `users_id`) VALUES (263, '2019-10-07 21:38:59', '1996-09-27 00:10:54', 2);
INSERT INTO `orders` (`id`, `created_at`, `updated_at`, `users_id`) VALUES (264, '1991-07-10 03:14:20', '2003-05-16 21:46:15', 12);
INSERT INTO `orders` (`id`, `created_at`, `updated_at`, `users_id`) VALUES (265, '1993-08-05 20:32:14', '1992-08-03 12:54:06', 8);
INSERT INTO `orders` (`id`, `created_at`, `updated_at`, `users_id`) VALUES (266, '1970-12-06 12:22:43', '1976-04-21 17:03:35', 17);
INSERT INTO `orders` (`id`, `created_at`, `updated_at`, `users_id`) VALUES (267, '1997-01-26 19:11:23', '1984-09-14 20:06:44', 5);
INSERT INTO `orders` (`id`, `created_at`, `updated_at`, `users_id`) VALUES (268, '2010-09-07 04:29:11', '1982-09-27 16:13:43', 3);
INSERT INTO `orders` (`id`, `created_at`, `updated_at`, `users_id`) VALUES (269, '1998-02-06 20:25:04', '2011-12-15 18:10:31', 11);
INSERT INTO `orders` (`id`, `created_at`, `updated_at`, `users_id`) VALUES (270, '1976-01-17 20:20:11', '0000-00-00 00:00:00', 18);
INSERT INTO `orders` (`id`, `created_at`, `updated_at`, `users_id`) VALUES (271, '2001-09-12 07:15:59', '0000-00-00 00:00:00', 3);
INSERT INTO `orders` (`id`, `created_at`, `updated_at`, `users_id`) VALUES (272, '2012-10-08 00:16:53', '0000-00-00 00:00:00', 13);
INSERT INTO `orders` (`id`, `created_at`, `updated_at`, `users_id`) VALUES (273, '2014-06-06 01:16:40', '1978-07-30 14:38:20', 1);
INSERT INTO `orders` (`id`, `created_at`, `updated_at`, `users_id`) VALUES (274, '1993-03-29 15:03:55', '0000-00-00 00:00:00', 3);
INSERT INTO `orders` (`id`, `created_at`, `updated_at`, `users_id`) VALUES (275, '2005-12-06 01:28:49', '1978-08-04 16:48:26', 9);
INSERT INTO `orders` (`id`, `created_at`, `updated_at`, `users_id`) VALUES (276, '1996-01-21 19:25:55', '2006-01-09 22:03:44', 4);
INSERT INTO `orders` (`id`, `created_at`, `updated_at`, `users_id`) VALUES (277, '2014-03-20 10:55:23', '2014-08-21 15:07:51', 15);
INSERT INTO `orders` (`id`, `created_at`, `updated_at`, `users_id`) VALUES (278, '2019-02-26 15:31:08', '0000-00-00 00:00:00', 20);
INSERT INTO `orders` (`id`, `created_at`, `updated_at`, `users_id`) VALUES (279, '1970-08-06 16:52:22', '2010-08-05 17:37:47', 18);
INSERT INTO `orders` (`id`, `created_at`, `updated_at`, `users_id`) VALUES (280, '2014-10-12 00:48:33', '0000-00-00 00:00:00', 9);
INSERT INTO `orders` (`id`, `created_at`, `updated_at`, `users_id`) VALUES (281, '1973-05-19 11:11:53', '0000-00-00 00:00:00', 5);
INSERT INTO `orders` (`id`, `created_at`, `updated_at`, `users_id`) VALUES (282, '1993-11-24 17:46:54', '0000-00-00 00:00:00', 8);
INSERT INTO `orders` (`id`, `created_at`, `updated_at`, `users_id`) VALUES (283, '2012-01-24 01:12:14', '0000-00-00 00:00:00', 14);
INSERT INTO `orders` (`id`, `created_at`, `updated_at`, `users_id`) VALUES (284, '2018-08-21 04:13:49', '1988-07-02 14:25:26', 3);
INSERT INTO `orders` (`id`, `created_at`, `updated_at`, `users_id`) VALUES (285, '1988-12-26 15:13:26', '0000-00-00 00:00:00', 1);
INSERT INTO `orders` (`id`, `created_at`, `updated_at`, `users_id`) VALUES (286, '1970-11-22 01:18:55', '1975-09-25 06:23:35', 9);
INSERT INTO `orders` (`id`, `created_at`, `updated_at`, `users_id`) VALUES (287, '1991-11-29 03:00:12', '2007-09-21 11:39:57', 11);
INSERT INTO `orders` (`id`, `created_at`, `updated_at`, `users_id`) VALUES (288, '1974-09-05 17:32:48', '2007-03-02 04:22:29', 11);
INSERT INTO `orders` (`id`, `created_at`, `updated_at`, `users_id`) VALUES (289, '1974-01-08 07:30:23', '2001-09-04 06:21:41', 8);
INSERT INTO `orders` (`id`, `created_at`, `updated_at`, `users_id`) VALUES (290, '1993-05-14 13:14:12', '1998-05-23 08:22:29', 15);
INSERT INTO `orders` (`id`, `created_at`, `updated_at`, `users_id`) VALUES (291, '2014-05-09 23:09:10', '0000-00-00 00:00:00', 8);
INSERT INTO `orders` (`id`, `created_at`, `updated_at`, `users_id`) VALUES (292, '1970-12-19 14:36:11', '0000-00-00 00:00:00', 4);
INSERT INTO `orders` (`id`, `created_at`, `updated_at`, `users_id`) VALUES (293, '1989-08-20 14:01:10', '0000-00-00 00:00:00', 13);
INSERT INTO `orders` (`id`, `created_at`, `updated_at`, `users_id`) VALUES (294, '2015-09-30 00:57:54', '1973-03-06 05:56:22', 9);
INSERT INTO `orders` (`id`, `created_at`, `updated_at`, `users_id`) VALUES (295, '2000-04-26 12:35:50', '0000-00-00 00:00:00', 15);
INSERT INTO `orders` (`id`, `created_at`, `updated_at`, `users_id`) VALUES (296, '2008-02-28 07:23:21', '0000-00-00 00:00:00', 20);
INSERT INTO `orders` (`id`, `created_at`, `updated_at`, `users_id`) VALUES (297, '2007-02-07 01:08:04', '0000-00-00 00:00:00', 6);
INSERT INTO `orders` (`id`, `created_at`, `updated_at`, `users_id`) VALUES (298, '1977-10-09 13:49:40', '0000-00-00 00:00:00', 20);
INSERT INTO `orders` (`id`, `created_at`, `updated_at`, `users_id`) VALUES (299, '1977-02-18 07:51:25', '0000-00-00 00:00:00', 3);
INSERT INTO `orders` (`id`, `created_at`, `updated_at`, `users_id`) VALUES (300, '2009-05-30 05:57:41', '0000-00-00 00:00:00', 16);
INSERT INTO `orders` (`id`, `created_at`, `updated_at`, `users_id`) VALUES (301, '1980-06-18 08:56:31', '2015-01-18 16:27:08', 18);
INSERT INTO `orders` (`id`, `created_at`, `updated_at`, `users_id`) VALUES (302, '1979-10-29 22:13:12', '2020-09-02 10:24:14', 5);
INSERT INTO `orders` (`id`, `created_at`, `updated_at`, `users_id`) VALUES (303, '2004-12-02 19:52:39', '0000-00-00 00:00:00', 8);
INSERT INTO `orders` (`id`, `created_at`, `updated_at`, `users_id`) VALUES (304, '1989-09-22 06:55:32', '1983-01-10 07:41:06', 18);
INSERT INTO `orders` (`id`, `created_at`, `updated_at`, `users_id`) VALUES (305, '2008-07-18 22:17:59', '1991-05-11 06:53:03', 8);
INSERT INTO `orders` (`id`, `created_at`, `updated_at`, `users_id`) VALUES (306, '1976-06-23 02:50:36', '2016-02-02 04:44:59', 17);
INSERT INTO `orders` (`id`, `created_at`, `updated_at`, `users_id`) VALUES (307, '1974-02-28 23:25:04', '2012-12-24 18:15:14', 2);
INSERT INTO `orders` (`id`, `created_at`, `updated_at`, `users_id`) VALUES (308, '1996-07-08 09:51:00', '1988-09-30 08:33:46', 2);
INSERT INTO `orders` (`id`, `created_at`, `updated_at`, `users_id`) VALUES (309, '2008-10-12 10:27:36', '0000-00-00 00:00:00', 16);
INSERT INTO `orders` (`id`, `created_at`, `updated_at`, `users_id`) VALUES (310, '1998-01-13 17:38:11', '1998-03-03 17:15:58', 20);
INSERT INTO `orders` (`id`, `created_at`, `updated_at`, `users_id`) VALUES (311, '1996-12-09 20:02:15', '0000-00-00 00:00:00', 11);
INSERT INTO `orders` (`id`, `created_at`, `updated_at`, `users_id`) VALUES (312, '1971-06-24 02:55:42', '0000-00-00 00:00:00', 1);
INSERT INTO `orders` (`id`, `created_at`, `updated_at`, `users_id`) VALUES (313, '1975-04-12 15:29:48', '0000-00-00 00:00:00', 7);
INSERT INTO `orders` (`id`, `created_at`, `updated_at`, `users_id`) VALUES (314, '1972-12-30 18:12:31', '2008-07-07 19:52:15', 4);
INSERT INTO `orders` (`id`, `created_at`, `updated_at`, `users_id`) VALUES (315, '1977-12-27 04:59:09', '0000-00-00 00:00:00', 4);
INSERT INTO `orders` (`id`, `created_at`, `updated_at`, `users_id`) VALUES (316, '1988-01-05 15:38:12', '1988-08-23 14:16:06', 8);
INSERT INTO `orders` (`id`, `created_at`, `updated_at`, `users_id`) VALUES (317, '2006-01-26 10:10:31', '2014-06-09 21:00:42', 12);
INSERT INTO `orders` (`id`, `created_at`, `updated_at`, `users_id`) VALUES (318, '2011-01-04 02:31:27', '1997-11-10 07:40:53', 14);
INSERT INTO `orders` (`id`, `created_at`, `updated_at`, `users_id`) VALUES (319, '1992-12-31 03:01:45', '0000-00-00 00:00:00', 18);
INSERT INTO `orders` (`id`, `created_at`, `updated_at`, `users_id`) VALUES (320, '2018-03-12 11:05:51', '0000-00-00 00:00:00', 19);
INSERT INTO `orders` (`id`, `created_at`, `updated_at`, `users_id`) VALUES (321, '1981-12-16 18:31:50', '2010-05-12 19:54:56', 8);
INSERT INTO `orders` (`id`, `created_at`, `updated_at`, `users_id`) VALUES (322, '1972-10-04 23:33:29', '0000-00-00 00:00:00', 5);
INSERT INTO `orders` (`id`, `created_at`, `updated_at`, `users_id`) VALUES (323, '1999-02-19 10:13:44', '1982-11-16 17:36:59', 2);
INSERT INTO `orders` (`id`, `created_at`, `updated_at`, `users_id`) VALUES (324, '2001-09-18 05:41:23', '1986-02-23 20:08:13', 1);
INSERT INTO `orders` (`id`, `created_at`, `updated_at`, `users_id`) VALUES (325, '1999-04-28 03:16:13', '0000-00-00 00:00:00', 14);
INSERT INTO `orders` (`id`, `created_at`, `updated_at`, `users_id`) VALUES (326, '2020-07-22 03:31:06', '0000-00-00 00:00:00', 17);
INSERT INTO `orders` (`id`, `created_at`, `updated_at`, `users_id`) VALUES (327, '1973-08-14 21:39:24', '0000-00-00 00:00:00', 1);
INSERT INTO `orders` (`id`, `created_at`, `updated_at`, `users_id`) VALUES (328, '1995-07-26 18:37:31', '0000-00-00 00:00:00', 19);
INSERT INTO `orders` (`id`, `created_at`, `updated_at`, `users_id`) VALUES (329, '1977-01-13 06:28:35', '0000-00-00 00:00:00', 17);
INSERT INTO `orders` (`id`, `created_at`, `updated_at`, `users_id`) VALUES (330, '2019-07-01 04:33:29', '2011-03-24 01:38:40', 3);
INSERT INTO `orders` (`id`, `created_at`, `updated_at`, `users_id`) VALUES (331, '2015-12-29 18:17:21', '0000-00-00 00:00:00', 15);
INSERT INTO `orders` (`id`, `created_at`, `updated_at`, `users_id`) VALUES (332, '1986-05-19 22:25:33', '2001-03-19 12:13:22', 15);
INSERT INTO `orders` (`id`, `created_at`, `updated_at`, `users_id`) VALUES (333, '1989-12-08 03:42:23', '0000-00-00 00:00:00', 8);
INSERT INTO `orders` (`id`, `created_at`, `updated_at`, `users_id`) VALUES (334, '1984-04-08 20:20:20', '2009-10-27 05:40:21', 2);
INSERT INTO `orders` (`id`, `created_at`, `updated_at`, `users_id`) VALUES (335, '1987-04-30 07:01:42', '0000-00-00 00:00:00', 12);
INSERT INTO `orders` (`id`, `created_at`, `updated_at`, `users_id`) VALUES (336, '1993-03-16 01:56:03', '0000-00-00 00:00:00', 15);
INSERT INTO `orders` (`id`, `created_at`, `updated_at`, `users_id`) VALUES (337, '1984-04-19 19:31:12', '1995-04-19 18:32:14', 19);
INSERT INTO `orders` (`id`, `created_at`, `updated_at`, `users_id`) VALUES (338, '1982-10-22 09:19:57', '1971-05-22 17:03:18', 13);
INSERT INTO `orders` (`id`, `created_at`, `updated_at`, `users_id`) VALUES (339, '1999-07-21 08:30:40', '0000-00-00 00:00:00', 16);
INSERT INTO `orders` (`id`, `created_at`, `updated_at`, `users_id`) VALUES (340, '2006-12-12 21:15:10', '1986-07-31 08:17:44', 14);
INSERT INTO `orders` (`id`, `created_at`, `updated_at`, `users_id`) VALUES (341, '1988-12-10 16:43:43', '1977-12-27 19:32:02', 12);
INSERT INTO `orders` (`id`, `created_at`, `updated_at`, `users_id`) VALUES (342, '1981-02-11 02:55:09', '1984-09-01 20:49:54', 6);
INSERT INTO `orders` (`id`, `created_at`, `updated_at`, `users_id`) VALUES (343, '2001-08-08 12:46:46', '0000-00-00 00:00:00', 14);
INSERT INTO `orders` (`id`, `created_at`, `updated_at`, `users_id`) VALUES (344, '2002-05-30 11:07:04', '0000-00-00 00:00:00', 19);
INSERT INTO `orders` (`id`, `created_at`, `updated_at`, `users_id`) VALUES (345, '2017-06-17 04:58:33', '0000-00-00 00:00:00', 10);
INSERT INTO `orders` (`id`, `created_at`, `updated_at`, `users_id`) VALUES (346, '1994-11-04 17:14:38', '0000-00-00 00:00:00', 18);
INSERT INTO `orders` (`id`, `created_at`, `updated_at`, `users_id`) VALUES (347, '1976-06-26 03:19:45', '2015-08-26 01:17:47', 6);
INSERT INTO `orders` (`id`, `created_at`, `updated_at`, `users_id`) VALUES (348, '1977-01-10 22:58:01', '2010-12-18 04:41:58', 2);
INSERT INTO `orders` (`id`, `created_at`, `updated_at`, `users_id`) VALUES (349, '1977-11-09 16:58:20', '1988-01-29 20:20:54', 11);
INSERT INTO `orders` (`id`, `created_at`, `updated_at`, `users_id`) VALUES (350, '2004-12-11 16:14:41', '1974-09-13 18:57:25', 3);
INSERT INTO `orders` (`id`, `created_at`, `updated_at`, `users_id`) VALUES (351, '1991-12-11 18:51:53', '1982-01-21 09:46:23', 20);
INSERT INTO `orders` (`id`, `created_at`, `updated_at`, `users_id`) VALUES (352, '2006-11-15 04:24:47', '2007-12-22 01:55:18', 19);
INSERT INTO `orders` (`id`, `created_at`, `updated_at`, `users_id`) VALUES (353, '2008-04-18 18:08:49', '1972-02-17 07:44:19', 7);
INSERT INTO `orders` (`id`, `created_at`, `updated_at`, `users_id`) VALUES (354, '2009-12-12 08:34:37', '0000-00-00 00:00:00', 2);
INSERT INTO `orders` (`id`, `created_at`, `updated_at`, `users_id`) VALUES (355, '1990-12-18 15:08:41', '1987-01-23 18:12:48', 20);
INSERT INTO `orders` (`id`, `created_at`, `updated_at`, `users_id`) VALUES (356, '1972-10-21 17:55:58', '0000-00-00 00:00:00', 1);
INSERT INTO `orders` (`id`, `created_at`, `updated_at`, `users_id`) VALUES (357, '2017-09-08 12:43:49', '0000-00-00 00:00:00', 19);
INSERT INTO `orders` (`id`, `created_at`, `updated_at`, `users_id`) VALUES (358, '1994-09-05 18:53:15', '0000-00-00 00:00:00', 20);
INSERT INTO `orders` (`id`, `created_at`, `updated_at`, `users_id`) VALUES (359, '1980-08-10 09:21:31', '1987-12-05 12:48:14', 20);
INSERT INTO `orders` (`id`, `created_at`, `updated_at`, `users_id`) VALUES (360, '2012-01-20 22:59:18', '0000-00-00 00:00:00', 16);
INSERT INTO `orders` (`id`, `created_at`, `updated_at`, `users_id`) VALUES (361, '2001-03-01 03:06:11', '1973-08-13 08:20:56', 3);
INSERT INTO `orders` (`id`, `created_at`, `updated_at`, `users_id`) VALUES (362, '1971-03-15 14:09:38', '0000-00-00 00:00:00', 14);
INSERT INTO `orders` (`id`, `created_at`, `updated_at`, `users_id`) VALUES (363, '1970-01-29 17:24:14', '0000-00-00 00:00:00', 10);
INSERT INTO `orders` (`id`, `created_at`, `updated_at`, `users_id`) VALUES (364, '1989-12-17 01:15:41', '2004-02-14 02:33:21', 10);
INSERT INTO `orders` (`id`, `created_at`, `updated_at`, `users_id`) VALUES (365, '1986-03-27 09:01:58', '0000-00-00 00:00:00', 16);
INSERT INTO `orders` (`id`, `created_at`, `updated_at`, `users_id`) VALUES (366, '2011-03-13 11:55:31', '0000-00-00 00:00:00', 1);
INSERT INTO `orders` (`id`, `created_at`, `updated_at`, `users_id`) VALUES (367, '2018-10-26 20:38:03', '1996-04-25 14:49:49', 4);
INSERT INTO `orders` (`id`, `created_at`, `updated_at`, `users_id`) VALUES (368, '1986-04-11 21:14:09', '1988-10-24 06:47:35', 14);
INSERT INTO `orders` (`id`, `created_at`, `updated_at`, `users_id`) VALUES (369, '1996-10-10 14:24:04', '0000-00-00 00:00:00', 14);
INSERT INTO `orders` (`id`, `created_at`, `updated_at`, `users_id`) VALUES (370, '1995-07-02 00:12:31', '0000-00-00 00:00:00', 20);
INSERT INTO `orders` (`id`, `created_at`, `updated_at`, `users_id`) VALUES (371, '2015-08-06 23:14:54', '2016-08-01 02:04:45', 7);
INSERT INTO `orders` (`id`, `created_at`, `updated_at`, `users_id`) VALUES (372, '1976-02-04 04:50:45', '2014-01-18 05:52:58', 5);
INSERT INTO `orders` (`id`, `created_at`, `updated_at`, `users_id`) VALUES (373, '1976-08-14 09:26:04', '1983-12-04 15:33:43', 5);
INSERT INTO `orders` (`id`, `created_at`, `updated_at`, `users_id`) VALUES (374, '1982-04-06 07:03:53', '0000-00-00 00:00:00', 1);
INSERT INTO `orders` (`id`, `created_at`, `updated_at`, `users_id`) VALUES (375, '2007-06-20 10:58:18', '2021-01-03 13:07:34', 3);
INSERT INTO `orders` (`id`, `created_at`, `updated_at`, `users_id`) VALUES (376, '2003-07-14 17:24:00', '0000-00-00 00:00:00', 15);
INSERT INTO `orders` (`id`, `created_at`, `updated_at`, `users_id`) VALUES (377, '2000-07-25 20:16:01', '1973-12-28 11:03:26', 18);
INSERT INTO `orders` (`id`, `created_at`, `updated_at`, `users_id`) VALUES (378, '2002-09-02 09:10:45', '1994-05-11 04:41:37', 9);
INSERT INTO `orders` (`id`, `created_at`, `updated_at`, `users_id`) VALUES (379, '2018-05-11 03:15:55', '0000-00-00 00:00:00', 16);
INSERT INTO `orders` (`id`, `created_at`, `updated_at`, `users_id`) VALUES (380, '2017-10-09 21:12:39', '0000-00-00 00:00:00', 9);
INSERT INTO `orders` (`id`, `created_at`, `updated_at`, `users_id`) VALUES (381, '2003-05-31 15:04:59', '2019-11-23 14:37:18', 11);
INSERT INTO `orders` (`id`, `created_at`, `updated_at`, `users_id`) VALUES (382, '1977-04-19 19:04:12', '0000-00-00 00:00:00', 16);
INSERT INTO `orders` (`id`, `created_at`, `updated_at`, `users_id`) VALUES (383, '1972-08-14 03:44:23', '0000-00-00 00:00:00', 8);
INSERT INTO `orders` (`id`, `created_at`, `updated_at`, `users_id`) VALUES (384, '1974-03-14 22:35:16', '0000-00-00 00:00:00', 18);
INSERT INTO `orders` (`id`, `created_at`, `updated_at`, `users_id`) VALUES (385, '1990-06-04 00:43:08', '0000-00-00 00:00:00', 17);
INSERT INTO `orders` (`id`, `created_at`, `updated_at`, `users_id`) VALUES (386, '1982-09-21 13:02:46', '0000-00-00 00:00:00', 8);
INSERT INTO `orders` (`id`, `created_at`, `updated_at`, `users_id`) VALUES (387, '2006-07-16 05:43:09', '2015-04-08 08:49:54', 18);
INSERT INTO `orders` (`id`, `created_at`, `updated_at`, `users_id`) VALUES (388, '1975-09-06 02:25:19', '2019-04-22 10:55:22', 16);
INSERT INTO `orders` (`id`, `created_at`, `updated_at`, `users_id`) VALUES (389, '1972-02-08 20:49:10', '0000-00-00 00:00:00', 8);
INSERT INTO `orders` (`id`, `created_at`, `updated_at`, `users_id`) VALUES (390, '1985-01-28 05:51:43', '0000-00-00 00:00:00', 18);
INSERT INTO `orders` (`id`, `created_at`, `updated_at`, `users_id`) VALUES (391, '1971-12-23 23:31:14', '0000-00-00 00:00:00', 11);
INSERT INTO `orders` (`id`, `created_at`, `updated_at`, `users_id`) VALUES (392, '2001-09-18 11:26:26', '1999-11-23 12:41:21', 10);
INSERT INTO `orders` (`id`, `created_at`, `updated_at`, `users_id`) VALUES (393, '1986-06-02 04:21:47', '0000-00-00 00:00:00', 11);
INSERT INTO `orders` (`id`, `created_at`, `updated_at`, `users_id`) VALUES (394, '1988-09-07 19:22:15', '2013-01-12 13:41:25', 20);
INSERT INTO `orders` (`id`, `created_at`, `updated_at`, `users_id`) VALUES (395, '2005-09-29 11:14:20', '0000-00-00 00:00:00', 19);
INSERT INTO `orders` (`id`, `created_at`, `updated_at`, `users_id`) VALUES (396, '1984-11-22 07:26:05', '1990-09-22 05:28:11', 7);
INSERT INTO `orders` (`id`, `created_at`, `updated_at`, `users_id`) VALUES (397, '2015-03-18 09:27:04', '1984-03-22 10:12:42', 20);
INSERT INTO `orders` (`id`, `created_at`, `updated_at`, `users_id`) VALUES (398, '1976-11-26 12:39:43', '0000-00-00 00:00:00', 3);
INSERT INTO `orders` (`id`, `created_at`, `updated_at`, `users_id`) VALUES (399, '2001-01-05 12:42:29', '0000-00-00 00:00:00', 20);
INSERT INTO `orders` (`id`, `created_at`, `updated_at`, `users_id`) VALUES (400, '1995-01-19 10:01:35', '1970-11-17 05:36:52', 14);
INSERT INTO `orders` (`id`, `created_at`, `updated_at`, `users_id`) VALUES (401, '1974-10-23 22:12:36', '2005-10-04 07:00:50', 2);
INSERT INTO `orders` (`id`, `created_at`, `updated_at`, `users_id`) VALUES (402, '1988-01-04 13:09:38', '2020-05-25 07:50:00', 7);
INSERT INTO `orders` (`id`, `created_at`, `updated_at`, `users_id`) VALUES (403, '2014-12-11 01:28:40', '0000-00-00 00:00:00', 19);
INSERT INTO `orders` (`id`, `created_at`, `updated_at`, `users_id`) VALUES (404, '1984-12-03 15:12:21', '2014-09-27 20:56:29', 7);
INSERT INTO `orders` (`id`, `created_at`, `updated_at`, `users_id`) VALUES (405, '1985-12-07 15:54:52', '1970-02-20 05:40:32', 8);
INSERT INTO `orders` (`id`, `created_at`, `updated_at`, `users_id`) VALUES (406, '2002-02-05 01:29:36', '0000-00-00 00:00:00', 2);
INSERT INTO `orders` (`id`, `created_at`, `updated_at`, `users_id`) VALUES (407, '1989-01-26 15:04:07', '1987-05-26 03:59:41', 2);
INSERT INTO `orders` (`id`, `created_at`, `updated_at`, `users_id`) VALUES (408, '2014-07-18 15:39:53', '0000-00-00 00:00:00', 6);
INSERT INTO `orders` (`id`, `created_at`, `updated_at`, `users_id`) VALUES (409, '2012-03-30 20:23:07', '1982-05-25 14:44:00', 10);
INSERT INTO `orders` (`id`, `created_at`, `updated_at`, `users_id`) VALUES (410, '2016-12-26 21:21:13', '0000-00-00 00:00:00', 17);
INSERT INTO `orders` (`id`, `created_at`, `updated_at`, `users_id`) VALUES (411, '2016-07-13 04:46:24', '0000-00-00 00:00:00', 15);
INSERT INTO `orders` (`id`, `created_at`, `updated_at`, `users_id`) VALUES (412, '2005-12-13 15:32:21', '2010-06-04 02:58:19', 20);
INSERT INTO `orders` (`id`, `created_at`, `updated_at`, `users_id`) VALUES (413, '2014-02-11 16:11:53', '0000-00-00 00:00:00', 12);
INSERT INTO `orders` (`id`, `created_at`, `updated_at`, `users_id`) VALUES (414, '2004-11-14 17:58:19', '0000-00-00 00:00:00', 3);
INSERT INTO `orders` (`id`, `created_at`, `updated_at`, `users_id`) VALUES (415, '2010-08-24 06:46:40', '0000-00-00 00:00:00', 17);
INSERT INTO `orders` (`id`, `created_at`, `updated_at`, `users_id`) VALUES (416, '1995-08-10 03:01:37', '0000-00-00 00:00:00', 9);
INSERT INTO `orders` (`id`, `created_at`, `updated_at`, `users_id`) VALUES (417, '2016-09-16 00:04:34', '2002-03-31 11:58:46', 10);
INSERT INTO `orders` (`id`, `created_at`, `updated_at`, `users_id`) VALUES (418, '2003-12-07 19:51:59', '0000-00-00 00:00:00', 15);
INSERT INTO `orders` (`id`, `created_at`, `updated_at`, `users_id`) VALUES (419, '1971-02-02 11:46:34', '0000-00-00 00:00:00', 4);
INSERT INTO `orders` (`id`, `created_at`, `updated_at`, `users_id`) VALUES (420, '1999-02-02 04:08:12', '2000-07-10 03:13:05', 17);
INSERT INTO `orders` (`id`, `created_at`, `updated_at`, `users_id`) VALUES (421, '1988-05-06 01:07:35', '0000-00-00 00:00:00', 13);
INSERT INTO `orders` (`id`, `created_at`, `updated_at`, `users_id`) VALUES (422, '1997-05-08 04:52:46', '1991-10-24 02:44:00', 14);
INSERT INTO `orders` (`id`, `created_at`, `updated_at`, `users_id`) VALUES (423, '2004-12-31 10:03:59', '0000-00-00 00:00:00', 7);
INSERT INTO `orders` (`id`, `created_at`, `updated_at`, `users_id`) VALUES (424, '1979-04-17 01:03:34', '2001-07-11 23:07:35', 4);
INSERT INTO `orders` (`id`, `created_at`, `updated_at`, `users_id`) VALUES (425, '1973-08-02 13:39:47', '1973-07-17 03:25:56', 13);
INSERT INTO `orders` (`id`, `created_at`, `updated_at`, `users_id`) VALUES (426, '2003-08-21 21:36:26', '0000-00-00 00:00:00', 6);
INSERT INTO `orders` (`id`, `created_at`, `updated_at`, `users_id`) VALUES (427, '2003-05-19 07:55:48', '1987-03-11 12:24:45', 10);
INSERT INTO `orders` (`id`, `created_at`, `updated_at`, `users_id`) VALUES (428, '2015-04-13 16:21:44', '0000-00-00 00:00:00', 13);
INSERT INTO `orders` (`id`, `created_at`, `updated_at`, `users_id`) VALUES (429, '2002-04-30 09:49:48', '2013-07-08 06:44:43', 8);
INSERT INTO `orders` (`id`, `created_at`, `updated_at`, `users_id`) VALUES (430, '1993-09-06 18:00:23', '0000-00-00 00:00:00', 9);
INSERT INTO `orders` (`id`, `created_at`, `updated_at`, `users_id`) VALUES (431, '2012-12-07 09:27:00', '2004-10-19 14:01:09', 6);
INSERT INTO `orders` (`id`, `created_at`, `updated_at`, `users_id`) VALUES (432, '1998-01-10 00:30:22', '0000-00-00 00:00:00', 10);
INSERT INTO `orders` (`id`, `created_at`, `updated_at`, `users_id`) VALUES (433, '1976-10-12 15:47:30', '0000-00-00 00:00:00', 16);
INSERT INTO `orders` (`id`, `created_at`, `updated_at`, `users_id`) VALUES (434, '1992-11-07 11:06:43', '0000-00-00 00:00:00', 5);
INSERT INTO `orders` (`id`, `created_at`, `updated_at`, `users_id`) VALUES (435, '1982-01-27 11:29:33', '2010-07-02 02:15:47', 17);
INSERT INTO `orders` (`id`, `created_at`, `updated_at`, `users_id`) VALUES (436, '1989-04-05 05:33:03', '1970-04-28 01:59:05', 3);
INSERT INTO `orders` (`id`, `created_at`, `updated_at`, `users_id`) VALUES (437, '1999-01-19 00:02:53', '1992-08-28 04:14:57', 6);
INSERT INTO `orders` (`id`, `created_at`, `updated_at`, `users_id`) VALUES (438, '2013-09-16 06:32:04', '1972-12-25 22:22:46', 18);
INSERT INTO `orders` (`id`, `created_at`, `updated_at`, `users_id`) VALUES (439, '1980-03-07 20:37:21', '0000-00-00 00:00:00', 8);
INSERT INTO `orders` (`id`, `created_at`, `updated_at`, `users_id`) VALUES (440, '1989-03-21 15:53:47', '0000-00-00 00:00:00', 15);
INSERT INTO `orders` (`id`, `created_at`, `updated_at`, `users_id`) VALUES (441, '1996-08-07 14:07:38', '1994-09-30 01:21:16', 14);
INSERT INTO `orders` (`id`, `created_at`, `updated_at`, `users_id`) VALUES (442, '1986-04-12 20:47:57', '0000-00-00 00:00:00', 3);
INSERT INTO `orders` (`id`, `created_at`, `updated_at`, `users_id`) VALUES (443, '1974-12-07 17:35:10', '2013-08-18 22:37:21', 14);
INSERT INTO `orders` (`id`, `created_at`, `updated_at`, `users_id`) VALUES (444, '2000-01-15 06:35:20', '0000-00-00 00:00:00', 6);
INSERT INTO `orders` (`id`, `created_at`, `updated_at`, `users_id`) VALUES (445, '2020-07-22 12:02:06', '1977-03-08 14:20:04', 5);
INSERT INTO `orders` (`id`, `created_at`, `updated_at`, `users_id`) VALUES (446, '1995-09-10 08:10:28', '2018-08-14 12:24:22', 11);
INSERT INTO `orders` (`id`, `created_at`, `updated_at`, `users_id`) VALUES (447, '1987-05-20 12:30:07', '0000-00-00 00:00:00', 14);
INSERT INTO `orders` (`id`, `created_at`, `updated_at`, `users_id`) VALUES (448, '1995-01-16 23:43:08', '1991-04-09 16:32:48', 14);
INSERT INTO `orders` (`id`, `created_at`, `updated_at`, `users_id`) VALUES (449, '2008-12-29 23:08:42', '0000-00-00 00:00:00', 6);
INSERT INTO `orders` (`id`, `created_at`, `updated_at`, `users_id`) VALUES (450, '1985-02-18 15:19:56', '2013-01-09 13:53:24', 18);
INSERT INTO `orders` (`id`, `created_at`, `updated_at`, `users_id`) VALUES (451, '2011-06-14 18:29:35', '0000-00-00 00:00:00', 11);
INSERT INTO `orders` (`id`, `created_at`, `updated_at`, `users_id`) VALUES (452, '1978-05-02 12:19:03', '0000-00-00 00:00:00', 18);
INSERT INTO `orders` (`id`, `created_at`, `updated_at`, `users_id`) VALUES (453, '2007-06-01 16:13:26', '0000-00-00 00:00:00', 11);
INSERT INTO `orders` (`id`, `created_at`, `updated_at`, `users_id`) VALUES (454, '1973-07-25 08:05:09', '2007-06-30 10:41:04', 17);
INSERT INTO `orders` (`id`, `created_at`, `updated_at`, `users_id`) VALUES (455, '2019-09-19 07:18:20', '0000-00-00 00:00:00', 1);
INSERT INTO `orders` (`id`, `created_at`, `updated_at`, `users_id`) VALUES (456, '2001-01-28 05:41:23', '0000-00-00 00:00:00', 4);
INSERT INTO `orders` (`id`, `created_at`, `updated_at`, `users_id`) VALUES (457, '2015-02-16 23:19:50', '0000-00-00 00:00:00', 2);
INSERT INTO `orders` (`id`, `created_at`, `updated_at`, `users_id`) VALUES (458, '2000-10-06 19:02:33', '2020-01-04 07:11:18', 10);
INSERT INTO `orders` (`id`, `created_at`, `updated_at`, `users_id`) VALUES (459, '2003-11-02 08:42:53', '1973-05-23 05:41:02', 17);
INSERT INTO `orders` (`id`, `created_at`, `updated_at`, `users_id`) VALUES (460, '2014-06-21 17:48:27', '2007-07-24 01:16:28', 10);
INSERT INTO `orders` (`id`, `created_at`, `updated_at`, `users_id`) VALUES (461, '2006-12-15 05:45:03', '0000-00-00 00:00:00', 19);
INSERT INTO `orders` (`id`, `created_at`, `updated_at`, `users_id`) VALUES (462, '1994-12-07 01:52:01', '0000-00-00 00:00:00', 3);
INSERT INTO `orders` (`id`, `created_at`, `updated_at`, `users_id`) VALUES (463, '1994-03-26 15:15:08', '0000-00-00 00:00:00', 19);
INSERT INTO `orders` (`id`, `created_at`, `updated_at`, `users_id`) VALUES (464, '2014-05-23 04:21:15', '0000-00-00 00:00:00', 14);
INSERT INTO `orders` (`id`, `created_at`, `updated_at`, `users_id`) VALUES (465, '2008-09-20 16:16:13', '0000-00-00 00:00:00', 7);
INSERT INTO `orders` (`id`, `created_at`, `updated_at`, `users_id`) VALUES (466, '2016-12-11 15:29:41', '1977-09-19 19:15:56', 16);
INSERT INTO `orders` (`id`, `created_at`, `updated_at`, `users_id`) VALUES (467, '2009-04-13 14:46:36', '2015-04-02 04:16:19', 17);
INSERT INTO `orders` (`id`, `created_at`, `updated_at`, `users_id`) VALUES (468, '2004-12-05 10:32:46', '0000-00-00 00:00:00', 12);
INSERT INTO `orders` (`id`, `created_at`, `updated_at`, `users_id`) VALUES (469, '2011-07-31 13:17:48', '0000-00-00 00:00:00', 13);
INSERT INTO `orders` (`id`, `created_at`, `updated_at`, `users_id`) VALUES (470, '2005-09-27 23:29:53', '0000-00-00 00:00:00', 5);
INSERT INTO `orders` (`id`, `created_at`, `updated_at`, `users_id`) VALUES (471, '2011-06-16 16:26:35', '2009-07-20 19:36:51', 6);
INSERT INTO `orders` (`id`, `created_at`, `updated_at`, `users_id`) VALUES (472, '1978-09-13 17:09:21', '0000-00-00 00:00:00', 7);
INSERT INTO `orders` (`id`, `created_at`, `updated_at`, `users_id`) VALUES (473, '2007-04-22 23:39:33', '2001-05-06 17:36:58', 7);
INSERT INTO `orders` (`id`, `created_at`, `updated_at`, `users_id`) VALUES (474, '2011-09-10 02:59:38', '0000-00-00 00:00:00', 20);
INSERT INTO `orders` (`id`, `created_at`, `updated_at`, `users_id`) VALUES (475, '1982-02-26 09:04:23', '0000-00-00 00:00:00', 13);
INSERT INTO `orders` (`id`, `created_at`, `updated_at`, `users_id`) VALUES (476, '1979-01-21 07:03:51', '0000-00-00 00:00:00', 11);
INSERT INTO `orders` (`id`, `created_at`, `updated_at`, `users_id`) VALUES (477, '2011-05-03 20:53:24', '1973-05-05 22:06:51', 11);
INSERT INTO `orders` (`id`, `created_at`, `updated_at`, `users_id`) VALUES (478, '1981-03-30 03:13:48', '1992-05-03 11:34:47', 6);
INSERT INTO `orders` (`id`, `created_at`, `updated_at`, `users_id`) VALUES (479, '2002-02-09 03:46:36', '2012-02-29 01:42:42', 5);
INSERT INTO `orders` (`id`, `created_at`, `updated_at`, `users_id`) VALUES (480, '1997-11-26 23:20:47', '0000-00-00 00:00:00', 16);
INSERT INTO `orders` (`id`, `created_at`, `updated_at`, `users_id`) VALUES (481, '2002-11-26 18:46:00', '0000-00-00 00:00:00', 3);
INSERT INTO `orders` (`id`, `created_at`, `updated_at`, `users_id`) VALUES (482, '1992-10-09 23:39:58', '0000-00-00 00:00:00', 15);
INSERT INTO `orders` (`id`, `created_at`, `updated_at`, `users_id`) VALUES (483, '2017-07-20 07:47:46', '0000-00-00 00:00:00', 13);
INSERT INTO `orders` (`id`, `created_at`, `updated_at`, `users_id`) VALUES (484, '1977-02-09 02:44:15', '1971-07-21 10:08:28', 14);
INSERT INTO `orders` (`id`, `created_at`, `updated_at`, `users_id`) VALUES (485, '1986-05-08 03:19:52', '0000-00-00 00:00:00', 12);
INSERT INTO `orders` (`id`, `created_at`, `updated_at`, `users_id`) VALUES (486, '1971-03-16 06:06:17', '0000-00-00 00:00:00', 13);
INSERT INTO `orders` (`id`, `created_at`, `updated_at`, `users_id`) VALUES (487, '1992-03-11 21:18:52', '1994-11-07 12:19:40', 18);
INSERT INTO `orders` (`id`, `created_at`, `updated_at`, `users_id`) VALUES (488, '1992-04-23 19:33:11', '0000-00-00 00:00:00', 13);
INSERT INTO `orders` (`id`, `created_at`, `updated_at`, `users_id`) VALUES (489, '1980-08-03 02:43:18', '0000-00-00 00:00:00', 3);
INSERT INTO `orders` (`id`, `created_at`, `updated_at`, `users_id`) VALUES (490, '2008-08-24 06:53:35', '2018-05-29 06:58:00', 14);
INSERT INTO `orders` (`id`, `created_at`, `updated_at`, `users_id`) VALUES (491, '1991-08-25 12:16:32', '1992-07-18 17:56:07', 3);
INSERT INTO `orders` (`id`, `created_at`, `updated_at`, `users_id`) VALUES (492, '2002-09-08 22:13:38', '0000-00-00 00:00:00', 1);
INSERT INTO `orders` (`id`, `created_at`, `updated_at`, `users_id`) VALUES (493, '1987-05-20 07:12:55', '1986-04-23 12:57:30', 17);
INSERT INTO `orders` (`id`, `created_at`, `updated_at`, `users_id`) VALUES (494, '2015-11-06 19:04:31', '0000-00-00 00:00:00', 2);
INSERT INTO `orders` (`id`, `created_at`, `updated_at`, `users_id`) VALUES (495, '2010-10-14 13:19:04', '0000-00-00 00:00:00', 15);
INSERT INTO `orders` (`id`, `created_at`, `updated_at`, `users_id`) VALUES (496, '1997-04-03 14:19:53', '0000-00-00 00:00:00', 4);
INSERT INTO `orders` (`id`, `created_at`, `updated_at`, `users_id`) VALUES (497, '2020-07-31 22:00:54', '2012-12-11 03:40:18', 17);
INSERT INTO `orders` (`id`, `created_at`, `updated_at`, `users_id`) VALUES (498, '2000-01-09 22:11:00', '2021-02-22 10:42:03', 12);
INSERT INTO `orders` (`id`, `created_at`, `updated_at`, `users_id`) VALUES (499, '2021-02-17 07:23:47', '0000-00-00 00:00:00', 15);
INSERT INTO `orders` (`id`, `created_at`, `updated_at`, `users_id`) VALUES (500, '2005-07-19 13:50:15', '0000-00-00 00:00:00', 10);
INSERT INTO `orders` (`id`, `created_at`, `updated_at`, `users_id`) VALUES (501, '1999-06-17 15:02:46', '0000-00-00 00:00:00', 16);
INSERT INTO `orders` (`id`, `created_at`, `updated_at`, `users_id`) VALUES (502, '2007-12-17 14:53:48', '0000-00-00 00:00:00', 1);
INSERT INTO `orders` (`id`, `created_at`, `updated_at`, `users_id`) VALUES (503, '1974-01-30 16:21:08', '1982-06-23 18:39:04', 17);
INSERT INTO `orders` (`id`, `created_at`, `updated_at`, `users_id`) VALUES (504, '2016-02-13 12:02:22', '0000-00-00 00:00:00', 3);
INSERT INTO `orders` (`id`, `created_at`, `updated_at`, `users_id`) VALUES (505, '2007-11-18 08:55:36', '0000-00-00 00:00:00', 1);
INSERT INTO `orders` (`id`, `created_at`, `updated_at`, `users_id`) VALUES (506, '2020-08-26 13:32:53', '1981-01-17 23:13:30', 9);
INSERT INTO `orders` (`id`, `created_at`, `updated_at`, `users_id`) VALUES (507, '2006-11-09 12:08:13', '0000-00-00 00:00:00', 14);
INSERT INTO `orders` (`id`, `created_at`, `updated_at`, `users_id`) VALUES (508, '2004-07-16 10:47:44', '0000-00-00 00:00:00', 11);
INSERT INTO `orders` (`id`, `created_at`, `updated_at`, `users_id`) VALUES (509, '2014-02-18 07:59:48', '0000-00-00 00:00:00', 15);
INSERT INTO `orders` (`id`, `created_at`, `updated_at`, `users_id`) VALUES (510, '1996-02-21 00:00:34', '0000-00-00 00:00:00', 18);
INSERT INTO `orders` (`id`, `created_at`, `updated_at`, `users_id`) VALUES (511, '1976-02-17 15:01:23', '1995-05-22 04:22:46', 6);
INSERT INTO `orders` (`id`, `created_at`, `updated_at`, `users_id`) VALUES (512, '1977-07-25 12:11:42', '2017-08-26 05:39:50', 17);
INSERT INTO `orders` (`id`, `created_at`, `updated_at`, `users_id`) VALUES (513, '2011-07-29 01:44:22', '2006-07-24 02:15:00', 13);
INSERT INTO `orders` (`id`, `created_at`, `updated_at`, `users_id`) VALUES (514, '1987-11-12 05:46:08', '2000-09-18 15:42:06', 19);
INSERT INTO `orders` (`id`, `created_at`, `updated_at`, `users_id`) VALUES (515, '1990-02-25 16:11:19', '1985-03-12 14:44:46', 11);
INSERT INTO `orders` (`id`, `created_at`, `updated_at`, `users_id`) VALUES (516, '1971-07-28 10:42:55', '0000-00-00 00:00:00', 4);
INSERT INTO `orders` (`id`, `created_at`, `updated_at`, `users_id`) VALUES (517, '2014-05-15 12:47:27', '0000-00-00 00:00:00', 11);
INSERT INTO `orders` (`id`, `created_at`, `updated_at`, `users_id`) VALUES (518, '1977-10-06 15:34:50', '1976-05-23 17:17:59', 8);
INSERT INTO `orders` (`id`, `created_at`, `updated_at`, `users_id`) VALUES (519, '1989-10-15 03:43:24', '0000-00-00 00:00:00', 17);
INSERT INTO `orders` (`id`, `created_at`, `updated_at`, `users_id`) VALUES (520, '1999-03-07 11:17:48', '2015-10-13 17:53:56', 14);
INSERT INTO `orders` (`id`, `created_at`, `updated_at`, `users_id`) VALUES (521, '2009-08-03 06:22:28', '1999-01-19 18:14:00', 2);
INSERT INTO `orders` (`id`, `created_at`, `updated_at`, `users_id`) VALUES (522, '1974-04-23 03:21:14', '1991-06-01 06:20:37', 19);
INSERT INTO `orders` (`id`, `created_at`, `updated_at`, `users_id`) VALUES (523, '1979-12-22 22:39:58', '0000-00-00 00:00:00', 15);
INSERT INTO `orders` (`id`, `created_at`, `updated_at`, `users_id`) VALUES (524, '1985-03-11 21:29:24', '1975-01-22 14:03:35', 19);
INSERT INTO `orders` (`id`, `created_at`, `updated_at`, `users_id`) VALUES (525, '1976-02-04 07:04:41', '2007-10-09 17:45:30', 20);
INSERT INTO `orders` (`id`, `created_at`, `updated_at`, `users_id`) VALUES (526, '1995-04-29 02:38:42', '0000-00-00 00:00:00', 9);
INSERT INTO `orders` (`id`, `created_at`, `updated_at`, `users_id`) VALUES (527, '1983-12-22 19:26:19', '0000-00-00 00:00:00', 2);
INSERT INTO `orders` (`id`, `created_at`, `updated_at`, `users_id`) VALUES (528, '1994-01-14 23:00:12', '0000-00-00 00:00:00', 17);
INSERT INTO `orders` (`id`, `created_at`, `updated_at`, `users_id`) VALUES (529, '1996-08-30 21:37:38', '1983-08-01 18:59:18', 1);
INSERT INTO `orders` (`id`, `created_at`, `updated_at`, `users_id`) VALUES (530, '1996-01-21 10:22:18', '2016-03-18 13:39:08', 16);
INSERT INTO `orders` (`id`, `created_at`, `updated_at`, `users_id`) VALUES (531, '2016-11-22 09:02:08', '1991-05-03 17:11:46', 6);
INSERT INTO `orders` (`id`, `created_at`, `updated_at`, `users_id`) VALUES (532, '1993-02-07 06:04:56', '1993-07-24 16:56:45', 16);
INSERT INTO `orders` (`id`, `created_at`, `updated_at`, `users_id`) VALUES (533, '1977-05-29 08:44:05', '1980-11-15 23:20:25', 17);
INSERT INTO `orders` (`id`, `created_at`, `updated_at`, `users_id`) VALUES (534, '1979-09-07 02:21:17', '2013-10-01 21:00:40', 2);
INSERT INTO `orders` (`id`, `created_at`, `updated_at`, `users_id`) VALUES (535, '1999-10-19 10:21:53', '1972-05-08 00:35:11', 19);
INSERT INTO `orders` (`id`, `created_at`, `updated_at`, `users_id`) VALUES (536, '1983-06-18 05:36:29', '0000-00-00 00:00:00', 17);
INSERT INTO `orders` (`id`, `created_at`, `updated_at`, `users_id`) VALUES (537, '2011-02-20 22:16:13', '1984-04-25 18:08:52', 11);
INSERT INTO `orders` (`id`, `created_at`, `updated_at`, `users_id`) VALUES (538, '1990-12-01 08:17:02', '1981-03-23 03:38:57', 12);
INSERT INTO `orders` (`id`, `created_at`, `updated_at`, `users_id`) VALUES (539, '2001-07-20 08:42:53', '0000-00-00 00:00:00', 8);
INSERT INTO `orders` (`id`, `created_at`, `updated_at`, `users_id`) VALUES (540, '2005-03-21 20:03:02', '1974-11-20 23:51:53', 5);
INSERT INTO `orders` (`id`, `created_at`, `updated_at`, `users_id`) VALUES (541, '1999-10-16 18:50:45', '1985-04-23 20:58:44', 9);
INSERT INTO `orders` (`id`, `created_at`, `updated_at`, `users_id`) VALUES (542, '2004-12-10 20:20:04', '1989-04-03 08:40:21', 13);
INSERT INTO `orders` (`id`, `created_at`, `updated_at`, `users_id`) VALUES (543, '2007-12-02 10:14:52', '2007-12-22 23:17:37', 2);
INSERT INTO `orders` (`id`, `created_at`, `updated_at`, `users_id`) VALUES (544, '2014-01-10 12:47:44', '2009-01-03 18:15:03', 2);
INSERT INTO `orders` (`id`, `created_at`, `updated_at`, `users_id`) VALUES (545, '1986-11-28 13:12:59', '1970-02-06 23:42:28', 11);
INSERT INTO `orders` (`id`, `created_at`, `updated_at`, `users_id`) VALUES (546, '2000-05-03 01:10:54', '1971-02-26 04:02:18', 12);
INSERT INTO `orders` (`id`, `created_at`, `updated_at`, `users_id`) VALUES (547, '1995-06-07 01:14:18', '0000-00-00 00:00:00', 5);
INSERT INTO `orders` (`id`, `created_at`, `updated_at`, `users_id`) VALUES (548, '1990-01-21 09:46:17', '0000-00-00 00:00:00', 2);
INSERT INTO `orders` (`id`, `created_at`, `updated_at`, `users_id`) VALUES (549, '1988-12-26 21:41:39', '0000-00-00 00:00:00', 20);
INSERT INTO `orders` (`id`, `created_at`, `updated_at`, `users_id`) VALUES (550, '1999-09-23 20:37:25', '2003-08-31 16:59:57', 1);
INSERT INTO `orders` (`id`, `created_at`, `updated_at`, `users_id`) VALUES (551, '2008-12-09 21:49:03', '0000-00-00 00:00:00', 15);
INSERT INTO `orders` (`id`, `created_at`, `updated_at`, `users_id`) VALUES (552, '2009-12-29 11:51:45', '0000-00-00 00:00:00', 2);
INSERT INTO `orders` (`id`, `created_at`, `updated_at`, `users_id`) VALUES (553, '1974-11-21 14:19:09', '1981-12-21 19:30:47', 20);
INSERT INTO `orders` (`id`, `created_at`, `updated_at`, `users_id`) VALUES (554, '1999-10-24 01:59:09', '0000-00-00 00:00:00', 9);
INSERT INTO `orders` (`id`, `created_at`, `updated_at`, `users_id`) VALUES (555, '1981-07-07 18:46:12', '0000-00-00 00:00:00', 20);
INSERT INTO `orders` (`id`, `created_at`, `updated_at`, `users_id`) VALUES (556, '2016-04-07 11:49:56', '0000-00-00 00:00:00', 19);
INSERT INTO `orders` (`id`, `created_at`, `updated_at`, `users_id`) VALUES (557, '2009-09-21 01:04:32', '2009-07-29 10:36:07', 18);
INSERT INTO `orders` (`id`, `created_at`, `updated_at`, `users_id`) VALUES (558, '2010-07-13 12:23:47', '0000-00-00 00:00:00', 1);
INSERT INTO `orders` (`id`, `created_at`, `updated_at`, `users_id`) VALUES (559, '2000-04-24 11:43:13', '2012-02-04 03:33:39', 15);
INSERT INTO `orders` (`id`, `created_at`, `updated_at`, `users_id`) VALUES (560, '1975-03-25 10:05:39', '2015-10-25 22:51:15', 18);
INSERT INTO `orders` (`id`, `created_at`, `updated_at`, `users_id`) VALUES (561, '1997-09-15 21:07:05', '0000-00-00 00:00:00', 17);
INSERT INTO `orders` (`id`, `created_at`, `updated_at`, `users_id`) VALUES (562, '1979-11-11 04:07:30', '0000-00-00 00:00:00', 1);
INSERT INTO `orders` (`id`, `created_at`, `updated_at`, `users_id`) VALUES (563, '2001-10-07 09:58:12', '1981-04-15 23:01:45', 14);
INSERT INTO `orders` (`id`, `created_at`, `updated_at`, `users_id`) VALUES (564, '1987-01-27 05:59:03', '2002-11-21 00:18:10', 14);
INSERT INTO `orders` (`id`, `created_at`, `updated_at`, `users_id`) VALUES (565, '1997-06-07 16:02:36', '2019-11-15 20:22:05', 2);
INSERT INTO `orders` (`id`, `created_at`, `updated_at`, `users_id`) VALUES (566, '1987-11-27 12:58:49', '0000-00-00 00:00:00', 12);
INSERT INTO `orders` (`id`, `created_at`, `updated_at`, `users_id`) VALUES (567, '2008-06-26 22:50:27', '1972-10-02 04:58:27', 10);
INSERT INTO `orders` (`id`, `created_at`, `updated_at`, `users_id`) VALUES (568, '1987-10-28 04:30:31', '0000-00-00 00:00:00', 13);
INSERT INTO `orders` (`id`, `created_at`, `updated_at`, `users_id`) VALUES (569, '1982-11-21 17:19:54', '0000-00-00 00:00:00', 4);
INSERT INTO `orders` (`id`, `created_at`, `updated_at`, `users_id`) VALUES (570, '1973-07-02 07:45:41', '0000-00-00 00:00:00', 17);
INSERT INTO `orders` (`id`, `created_at`, `updated_at`, `users_id`) VALUES (571, '2017-02-21 02:49:33', '0000-00-00 00:00:00', 17);
INSERT INTO `orders` (`id`, `created_at`, `updated_at`, `users_id`) VALUES (572, '1989-04-15 06:04:19', '2005-04-04 09:46:57', 12);
INSERT INTO `orders` (`id`, `created_at`, `updated_at`, `users_id`) VALUES (573, '2014-04-25 02:41:17', '0000-00-00 00:00:00', 10);
INSERT INTO `orders` (`id`, `created_at`, `updated_at`, `users_id`) VALUES (574, '1997-02-02 01:21:56', '0000-00-00 00:00:00', 18);
INSERT INTO `orders` (`id`, `created_at`, `updated_at`, `users_id`) VALUES (575, '2017-12-25 19:59:58', '0000-00-00 00:00:00', 14);
INSERT INTO `orders` (`id`, `created_at`, `updated_at`, `users_id`) VALUES (576, '1971-08-31 21:27:13', '2003-05-11 21:09:07', 1);
INSERT INTO `orders` (`id`, `created_at`, `updated_at`, `users_id`) VALUES (577, '1995-12-18 23:38:39', '1994-12-08 07:25:08', 10);
INSERT INTO `orders` (`id`, `created_at`, `updated_at`, `users_id`) VALUES (578, '2014-01-28 15:32:57', '0000-00-00 00:00:00', 18);
INSERT INTO `orders` (`id`, `created_at`, `updated_at`, `users_id`) VALUES (579, '2018-06-30 02:24:17', '1970-01-25 14:26:14', 3);
INSERT INTO `orders` (`id`, `created_at`, `updated_at`, `users_id`) VALUES (580, '2006-01-01 14:10:04', '0000-00-00 00:00:00', 10);
INSERT INTO `orders` (`id`, `created_at`, `updated_at`, `users_id`) VALUES (581, '2016-09-23 16:58:12', '0000-00-00 00:00:00', 19);
INSERT INTO `orders` (`id`, `created_at`, `updated_at`, `users_id`) VALUES (582, '1972-07-07 14:57:01', '0000-00-00 00:00:00', 17);
INSERT INTO `orders` (`id`, `created_at`, `updated_at`, `users_id`) VALUES (583, '1986-08-31 15:25:47', '0000-00-00 00:00:00', 11);
INSERT INTO `orders` (`id`, `created_at`, `updated_at`, `users_id`) VALUES (584, '1976-02-17 09:15:33', '0000-00-00 00:00:00', 18);
INSERT INTO `orders` (`id`, `created_at`, `updated_at`, `users_id`) VALUES (585, '1972-04-19 03:32:11', '1993-04-16 22:57:29', 6);
INSERT INTO `orders` (`id`, `created_at`, `updated_at`, `users_id`) VALUES (586, '1997-05-12 03:26:53', '0000-00-00 00:00:00', 10);
INSERT INTO `orders` (`id`, `created_at`, `updated_at`, `users_id`) VALUES (587, '2000-11-12 16:09:48', '1997-08-10 01:10:10', 16);
INSERT INTO `orders` (`id`, `created_at`, `updated_at`, `users_id`) VALUES (588, '2003-04-20 00:39:08', '1971-05-23 23:55:57', 4);
INSERT INTO `orders` (`id`, `created_at`, `updated_at`, `users_id`) VALUES (589, '2018-11-11 00:52:02', '2014-08-19 07:37:38', 11);
INSERT INTO `orders` (`id`, `created_at`, `updated_at`, `users_id`) VALUES (590, '1972-07-14 16:02:50', '1982-05-18 01:21:03', 11);
INSERT INTO `orders` (`id`, `created_at`, `updated_at`, `users_id`) VALUES (591, '1982-01-31 14:14:14', '0000-00-00 00:00:00', 2);
INSERT INTO `orders` (`id`, `created_at`, `updated_at`, `users_id`) VALUES (592, '1979-01-07 19:05:07', '1987-12-03 11:47:34', 8);
INSERT INTO `orders` (`id`, `created_at`, `updated_at`, `users_id`) VALUES (593, '1988-08-24 03:40:50', '1987-04-08 13:27:41', 11);
INSERT INTO `orders` (`id`, `created_at`, `updated_at`, `users_id`) VALUES (594, '1983-03-20 21:57:00', '0000-00-00 00:00:00', 16);
INSERT INTO `orders` (`id`, `created_at`, `updated_at`, `users_id`) VALUES (595, '2001-05-06 11:06:15', '0000-00-00 00:00:00', 1);
INSERT INTO `orders` (`id`, `created_at`, `updated_at`, `users_id`) VALUES (596, '1970-09-23 16:30:12', '0000-00-00 00:00:00', 13);
INSERT INTO `orders` (`id`, `created_at`, `updated_at`, `users_id`) VALUES (597, '1980-10-18 10:15:26', '1996-08-29 01:23:39', 7);
INSERT INTO `orders` (`id`, `created_at`, `updated_at`, `users_id`) VALUES (598, '2009-10-05 11:29:57', '2004-07-10 06:22:22', 11);
INSERT INTO `orders` (`id`, `created_at`, `updated_at`, `users_id`) VALUES (599, '1970-01-15 08:29:47', '1982-09-24 22:35:09', 5);
INSERT INTO `orders` (`id`, `created_at`, `updated_at`, `users_id`) VALUES (600, '1999-06-22 15:08:07', '2010-11-29 00:27:38', 10);
INSERT INTO `orders` (`id`, `created_at`, `updated_at`, `users_id`) VALUES (601, '1982-11-12 13:49:26', '2008-05-07 14:26:05', 8);
INSERT INTO `orders` (`id`, `created_at`, `updated_at`, `users_id`) VALUES (602, '1991-02-28 22:28:44', '1992-03-15 04:13:57', 2);
INSERT INTO `orders` (`id`, `created_at`, `updated_at`, `users_id`) VALUES (603, '2002-09-27 22:54:26', '0000-00-00 00:00:00', 2);
INSERT INTO `orders` (`id`, `created_at`, `updated_at`, `users_id`) VALUES (604, '1987-04-18 04:57:25', '0000-00-00 00:00:00', 17);
INSERT INTO `orders` (`id`, `created_at`, `updated_at`, `users_id`) VALUES (605, '1974-03-28 10:13:29', '1975-10-05 05:08:21', 19);
INSERT INTO `orders` (`id`, `created_at`, `updated_at`, `users_id`) VALUES (606, '2010-06-20 00:49:15', '1982-02-16 14:17:07', 15);
INSERT INTO `orders` (`id`, `created_at`, `updated_at`, `users_id`) VALUES (607, '1993-04-15 00:19:56', '2000-11-29 13:35:45', 18);
INSERT INTO `orders` (`id`, `created_at`, `updated_at`, `users_id`) VALUES (608, '1989-08-02 02:16:41', '0000-00-00 00:00:00', 9);
INSERT INTO `orders` (`id`, `created_at`, `updated_at`, `users_id`) VALUES (609, '1996-10-02 00:09:57', '1993-10-12 22:01:25', 13);
INSERT INTO `orders` (`id`, `created_at`, `updated_at`, `users_id`) VALUES (610, '1976-01-24 23:34:09', '0000-00-00 00:00:00', 20);
INSERT INTO `orders` (`id`, `created_at`, `updated_at`, `users_id`) VALUES (611, '1975-11-06 00:50:53', '0000-00-00 00:00:00', 18);
INSERT INTO `orders` (`id`, `created_at`, `updated_at`, `users_id`) VALUES (612, '2002-09-10 22:35:04', '0000-00-00 00:00:00', 11);
INSERT INTO `orders` (`id`, `created_at`, `updated_at`, `users_id`) VALUES (613, '2010-03-03 21:18:48', '0000-00-00 00:00:00', 17);
INSERT INTO `orders` (`id`, `created_at`, `updated_at`, `users_id`) VALUES (614, '2014-09-05 08:17:55', '2017-04-29 03:45:15', 8);
INSERT INTO `orders` (`id`, `created_at`, `updated_at`, `users_id`) VALUES (615, '2011-07-23 16:19:59', '1984-06-04 07:22:52', 8);
INSERT INTO `orders` (`id`, `created_at`, `updated_at`, `users_id`) VALUES (616, '1997-08-07 04:20:07', '2009-07-11 17:51:59', 3);
INSERT INTO `orders` (`id`, `created_at`, `updated_at`, `users_id`) VALUES (617, '1984-09-29 14:09:56', '1984-04-24 07:11:38', 18);
INSERT INTO `orders` (`id`, `created_at`, `updated_at`, `users_id`) VALUES (618, '1989-10-28 05:00:51', '1985-08-19 05:16:39', 4);
INSERT INTO `orders` (`id`, `created_at`, `updated_at`, `users_id`) VALUES (619, '2016-05-29 23:34:57', '0000-00-00 00:00:00', 6);
INSERT INTO `orders` (`id`, `created_at`, `updated_at`, `users_id`) VALUES (620, '1972-02-06 07:22:30', '0000-00-00 00:00:00', 9);
INSERT INTO `orders` (`id`, `created_at`, `updated_at`, `users_id`) VALUES (621, '1982-12-02 00:07:44', '0000-00-00 00:00:00', 15);
INSERT INTO `orders` (`id`, `created_at`, `updated_at`, `users_id`) VALUES (622, '2006-03-09 15:05:10', '0000-00-00 00:00:00', 8);
INSERT INTO `orders` (`id`, `created_at`, `updated_at`, `users_id`) VALUES (623, '2014-05-07 15:48:26', '0000-00-00 00:00:00', 16);
INSERT INTO `orders` (`id`, `created_at`, `updated_at`, `users_id`) VALUES (624, '2021-02-19 13:02:04', '0000-00-00 00:00:00', 6);
INSERT INTO `orders` (`id`, `created_at`, `updated_at`, `users_id`) VALUES (625, '1982-02-24 18:03:18', '0000-00-00 00:00:00', 3);
INSERT INTO `orders` (`id`, `created_at`, `updated_at`, `users_id`) VALUES (626, '1976-02-23 00:09:04', '2011-11-18 14:58:40', 16);
INSERT INTO `orders` (`id`, `created_at`, `updated_at`, `users_id`) VALUES (627, '2020-05-13 10:41:21', '0000-00-00 00:00:00', 18);
INSERT INTO `orders` (`id`, `created_at`, `updated_at`, `users_id`) VALUES (628, '2006-05-20 01:01:12', '0000-00-00 00:00:00', 10);
INSERT INTO `orders` (`id`, `created_at`, `updated_at`, `users_id`) VALUES (629, '2018-10-08 21:28:08', '0000-00-00 00:00:00', 6);
INSERT INTO `orders` (`id`, `created_at`, `updated_at`, `users_id`) VALUES (630, '1999-07-16 08:03:43', '2020-12-28 22:36:20', 3);
INSERT INTO `orders` (`id`, `created_at`, `updated_at`, `users_id`) VALUES (631, '2012-05-26 14:47:52', '0000-00-00 00:00:00', 20);
INSERT INTO `orders` (`id`, `created_at`, `updated_at`, `users_id`) VALUES (632, '2000-11-02 05:16:45', '0000-00-00 00:00:00', 14);
INSERT INTO `orders` (`id`, `created_at`, `updated_at`, `users_id`) VALUES (633, '1991-09-09 09:45:53', '0000-00-00 00:00:00', 4);
INSERT INTO `orders` (`id`, `created_at`, `updated_at`, `users_id`) VALUES (634, '2007-10-05 04:22:04', '2013-12-01 04:38:34', 1);
INSERT INTO `orders` (`id`, `created_at`, `updated_at`, `users_id`) VALUES (635, '1999-11-10 13:22:12', '0000-00-00 00:00:00', 10);
INSERT INTO `orders` (`id`, `created_at`, `updated_at`, `users_id`) VALUES (636, '1985-05-15 11:15:43', '1989-12-28 08:04:56', 3);
INSERT INTO `orders` (`id`, `created_at`, `updated_at`, `users_id`) VALUES (637, '1971-03-27 04:36:13', '2009-06-29 20:06:50', 16);
INSERT INTO `orders` (`id`, `created_at`, `updated_at`, `users_id`) VALUES (638, '1982-12-04 03:58:02', '0000-00-00 00:00:00', 8);
INSERT INTO `orders` (`id`, `created_at`, `updated_at`, `users_id`) VALUES (639, '1972-03-22 01:28:56', '1990-06-18 04:40:30', 11);
INSERT INTO `orders` (`id`, `created_at`, `updated_at`, `users_id`) VALUES (640, '1994-07-29 10:17:16', '1981-04-28 11:13:16', 9);
INSERT INTO `orders` (`id`, `created_at`, `updated_at`, `users_id`) VALUES (641, '1972-08-18 03:47:50', '1970-10-20 21:44:14', 7);
INSERT INTO `orders` (`id`, `created_at`, `updated_at`, `users_id`) VALUES (642, '1998-10-20 13:04:31', '1972-07-25 17:18:14', 9);
INSERT INTO `orders` (`id`, `created_at`, `updated_at`, `users_id`) VALUES (643, '1991-08-24 19:52:16', '2005-02-04 15:24:53', 19);
INSERT INTO `orders` (`id`, `created_at`, `updated_at`, `users_id`) VALUES (644, '1990-07-29 13:09:37', '0000-00-00 00:00:00', 4);
INSERT INTO `orders` (`id`, `created_at`, `updated_at`, `users_id`) VALUES (645, '2007-08-19 07:44:11', '2002-02-01 14:43:03', 16);
INSERT INTO `orders` (`id`, `created_at`, `updated_at`, `users_id`) VALUES (646, '2005-02-27 02:24:01', '0000-00-00 00:00:00', 7);
INSERT INTO `orders` (`id`, `created_at`, `updated_at`, `users_id`) VALUES (647, '2014-08-15 23:34:07', '1975-08-09 04:40:38', 6);
INSERT INTO `orders` (`id`, `created_at`, `updated_at`, `users_id`) VALUES (648, '1992-05-07 20:07:42', '0000-00-00 00:00:00', 14);
INSERT INTO `orders` (`id`, `created_at`, `updated_at`, `users_id`) VALUES (649, '1983-06-19 01:25:44', '0000-00-00 00:00:00', 10);
INSERT INTO `orders` (`id`, `created_at`, `updated_at`, `users_id`) VALUES (650, '2014-05-23 17:35:21', '0000-00-00 00:00:00', 12);
INSERT INTO `orders` (`id`, `created_at`, `updated_at`, `users_id`) VALUES (651, '1992-08-19 23:21:34', '0000-00-00 00:00:00', 2);
INSERT INTO `orders` (`id`, `created_at`, `updated_at`, `users_id`) VALUES (652, '1985-11-22 03:19:00', '0000-00-00 00:00:00', 5);
INSERT INTO `orders` (`id`, `created_at`, `updated_at`, `users_id`) VALUES (653, '2020-03-13 14:43:58', '0000-00-00 00:00:00', 19);
INSERT INTO `orders` (`id`, `created_at`, `updated_at`, `users_id`) VALUES (654, '1998-10-05 11:50:03', '0000-00-00 00:00:00', 17);
INSERT INTO `orders` (`id`, `created_at`, `updated_at`, `users_id`) VALUES (655, '1971-10-19 02:52:20', '0000-00-00 00:00:00', 10);
INSERT INTO `orders` (`id`, `created_at`, `updated_at`, `users_id`) VALUES (656, '2003-06-24 07:04:00', '0000-00-00 00:00:00', 1);
INSERT INTO `orders` (`id`, `created_at`, `updated_at`, `users_id`) VALUES (657, '2016-08-10 10:51:17', '2012-02-15 10:55:02', 13);
INSERT INTO `orders` (`id`, `created_at`, `updated_at`, `users_id`) VALUES (658, '1989-11-16 02:30:14', '0000-00-00 00:00:00', 7);
INSERT INTO `orders` (`id`, `created_at`, `updated_at`, `users_id`) VALUES (659, '1977-10-15 12:06:33', '1988-07-29 12:14:40', 11);
INSERT INTO `orders` (`id`, `created_at`, `updated_at`, `users_id`) VALUES (660, '1970-06-10 15:17:52', '0000-00-00 00:00:00', 19);
INSERT INTO `orders` (`id`, `created_at`, `updated_at`, `users_id`) VALUES (661, '1978-06-15 22:09:41', '0000-00-00 00:00:00', 10);
INSERT INTO `orders` (`id`, `created_at`, `updated_at`, `users_id`) VALUES (662, '2019-07-14 12:37:07', '1973-08-02 09:26:03', 10);
INSERT INTO `orders` (`id`, `created_at`, `updated_at`, `users_id`) VALUES (663, '1983-09-15 07:03:07', '0000-00-00 00:00:00', 12);
INSERT INTO `orders` (`id`, `created_at`, `updated_at`, `users_id`) VALUES (664, '2000-04-14 11:28:48', '0000-00-00 00:00:00', 14);
INSERT INTO `orders` (`id`, `created_at`, `updated_at`, `users_id`) VALUES (665, '2004-11-28 05:30:42', '2014-09-06 11:46:16', 11);
INSERT INTO `orders` (`id`, `created_at`, `updated_at`, `users_id`) VALUES (666, '2019-08-29 15:53:25', '1973-07-17 22:47:08', 2);
INSERT INTO `orders` (`id`, `created_at`, `updated_at`, `users_id`) VALUES (667, '2007-05-29 02:26:13', '0000-00-00 00:00:00', 17);
INSERT INTO `orders` (`id`, `created_at`, `updated_at`, `users_id`) VALUES (668, '1973-05-02 05:08:36', '1977-04-14 03:14:24', 6);
INSERT INTO `orders` (`id`, `created_at`, `updated_at`, `users_id`) VALUES (669, '1982-06-02 23:12:57', '0000-00-00 00:00:00', 9);
INSERT INTO `orders` (`id`, `created_at`, `updated_at`, `users_id`) VALUES (670, '1996-08-11 14:04:02', '0000-00-00 00:00:00', 7);
INSERT INTO `orders` (`id`, `created_at`, `updated_at`, `users_id`) VALUES (671, '1991-12-03 02:50:08', '0000-00-00 00:00:00', 14);
INSERT INTO `orders` (`id`, `created_at`, `updated_at`, `users_id`) VALUES (672, '1983-03-12 13:05:21', '0000-00-00 00:00:00', 16);
INSERT INTO `orders` (`id`, `created_at`, `updated_at`, `users_id`) VALUES (673, '2009-01-26 23:46:33', '0000-00-00 00:00:00', 15);
INSERT INTO `orders` (`id`, `created_at`, `updated_at`, `users_id`) VALUES (674, '2006-04-03 15:59:10', '1988-04-03 11:30:40', 13);
INSERT INTO `orders` (`id`, `created_at`, `updated_at`, `users_id`) VALUES (675, '2002-10-04 15:39:27', '0000-00-00 00:00:00', 19);
INSERT INTO `orders` (`id`, `created_at`, `updated_at`, `users_id`) VALUES (676, '2012-12-13 01:12:05', '1979-02-01 16:39:14', 11);
INSERT INTO `orders` (`id`, `created_at`, `updated_at`, `users_id`) VALUES (677, '2010-02-09 22:41:49', '0000-00-00 00:00:00', 19);
INSERT INTO `orders` (`id`, `created_at`, `updated_at`, `users_id`) VALUES (678, '1996-12-31 07:41:19', '1999-07-01 01:15:24', 4);
INSERT INTO `orders` (`id`, `created_at`, `updated_at`, `users_id`) VALUES (679, '1989-06-02 11:42:44', '1981-04-11 11:54:43', 4);
INSERT INTO `orders` (`id`, `created_at`, `updated_at`, `users_id`) VALUES (680, '1976-09-16 19:42:06', '0000-00-00 00:00:00', 9);
INSERT INTO `orders` (`id`, `created_at`, `updated_at`, `users_id`) VALUES (681, '1982-12-08 14:44:29', '0000-00-00 00:00:00', 15);
INSERT INTO `orders` (`id`, `created_at`, `updated_at`, `users_id`) VALUES (682, '2007-05-11 01:43:20', '0000-00-00 00:00:00', 6);
INSERT INTO `orders` (`id`, `created_at`, `updated_at`, `users_id`) VALUES (683, '2008-06-14 09:04:36', '0000-00-00 00:00:00', 13);
INSERT INTO `orders` (`id`, `created_at`, `updated_at`, `users_id`) VALUES (684, '1997-01-05 06:55:48', '0000-00-00 00:00:00', 14);
INSERT INTO `orders` (`id`, `created_at`, `updated_at`, `users_id`) VALUES (685, '1976-01-31 19:15:41', '0000-00-00 00:00:00', 3);
INSERT INTO `orders` (`id`, `created_at`, `updated_at`, `users_id`) VALUES (686, '1998-12-11 11:33:54', '0000-00-00 00:00:00', 2);
INSERT INTO `orders` (`id`, `created_at`, `updated_at`, `users_id`) VALUES (687, '2003-07-04 20:07:37', '0000-00-00 00:00:00', 15);
INSERT INTO `orders` (`id`, `created_at`, `updated_at`, `users_id`) VALUES (688, '1972-09-28 07:16:13', '0000-00-00 00:00:00', 15);
INSERT INTO `orders` (`id`, `created_at`, `updated_at`, `users_id`) VALUES (689, '1984-01-18 09:39:29', '1974-05-28 10:05:09', 9);
INSERT INTO `orders` (`id`, `created_at`, `updated_at`, `users_id`) VALUES (690, '1989-12-28 14:13:46', '1984-04-24 07:06:02', 5);
INSERT INTO `orders` (`id`, `created_at`, `updated_at`, `users_id`) VALUES (691, '1975-04-11 05:53:08', '0000-00-00 00:00:00', 14);
INSERT INTO `orders` (`id`, `created_at`, `updated_at`, `users_id`) VALUES (692, '1996-02-01 16:44:13', '2002-07-17 22:08:30', 19);
INSERT INTO `orders` (`id`, `created_at`, `updated_at`, `users_id`) VALUES (693, '1972-04-23 22:01:50', '0000-00-00 00:00:00', 14);
INSERT INTO `orders` (`id`, `created_at`, `updated_at`, `users_id`) VALUES (694, '2013-04-14 02:05:11', '0000-00-00 00:00:00', 5);
INSERT INTO `orders` (`id`, `created_at`, `updated_at`, `users_id`) VALUES (695, '1993-06-27 15:27:46', '1978-11-16 03:47:30', 12);
INSERT INTO `orders` (`id`, `created_at`, `updated_at`, `users_id`) VALUES (696, '1983-01-26 06:35:58', '0000-00-00 00:00:00', 5);
INSERT INTO `orders` (`id`, `created_at`, `updated_at`, `users_id`) VALUES (697, '1993-02-17 20:00:40', '0000-00-00 00:00:00', 7);
INSERT INTO `orders` (`id`, `created_at`, `updated_at`, `users_id`) VALUES (698, '1996-05-11 22:22:38', '0000-00-00 00:00:00', 8);
INSERT INTO `orders` (`id`, `created_at`, `updated_at`, `users_id`) VALUES (699, '1980-03-11 01:08:20', '0000-00-00 00:00:00', 11);
INSERT INTO `orders` (`id`, `created_at`, `updated_at`, `users_id`) VALUES (700, '1987-04-06 02:01:36', '2002-02-23 13:48:12', 15);
INSERT INTO `orders` (`id`, `created_at`, `updated_at`, `users_id`) VALUES (701, '2010-05-06 22:49:28', '2001-04-04 11:42:50', 15);
INSERT INTO `orders` (`id`, `created_at`, `updated_at`, `users_id`) VALUES (702, '1980-05-25 05:43:44', '0000-00-00 00:00:00', 5);
INSERT INTO `orders` (`id`, `created_at`, `updated_at`, `users_id`) VALUES (703, '1989-03-04 20:39:35', '1977-05-27 16:21:31', 11);
INSERT INTO `orders` (`id`, `created_at`, `updated_at`, `users_id`) VALUES (704, '1994-06-10 07:30:38', '0000-00-00 00:00:00', 10);
INSERT INTO `orders` (`id`, `created_at`, `updated_at`, `users_id`) VALUES (705, '1979-05-23 02:29:00', '0000-00-00 00:00:00', 17);
INSERT INTO `orders` (`id`, `created_at`, `updated_at`, `users_id`) VALUES (706, '1984-02-18 22:55:03', '0000-00-00 00:00:00', 9);
INSERT INTO `orders` (`id`, `created_at`, `updated_at`, `users_id`) VALUES (707, '1992-08-30 02:54:47', '2014-02-28 13:02:09', 1);
INSERT INTO `orders` (`id`, `created_at`, `updated_at`, `users_id`) VALUES (708, '2004-06-03 14:41:15', '1996-08-14 02:31:23', 16);
INSERT INTO `orders` (`id`, `created_at`, `updated_at`, `users_id`) VALUES (709, '1989-11-21 11:38:55', '0000-00-00 00:00:00', 13);
INSERT INTO `orders` (`id`, `created_at`, `updated_at`, `users_id`) VALUES (710, '2001-12-29 23:43:55', '1983-02-07 18:06:18', 5);
INSERT INTO `orders` (`id`, `created_at`, `updated_at`, `users_id`) VALUES (711, '1975-05-20 03:41:05', '0000-00-00 00:00:00', 4);
INSERT INTO `orders` (`id`, `created_at`, `updated_at`, `users_id`) VALUES (712, '2004-08-26 16:09:57', '0000-00-00 00:00:00', 8);
INSERT INTO `orders` (`id`, `created_at`, `updated_at`, `users_id`) VALUES (713, '2011-08-11 16:37:53', '0000-00-00 00:00:00', 10);
INSERT INTO `orders` (`id`, `created_at`, `updated_at`, `users_id`) VALUES (714, '1976-05-01 02:28:35', '2011-05-17 01:36:22', 17);
INSERT INTO `orders` (`id`, `created_at`, `updated_at`, `users_id`) VALUES (715, '2017-05-23 05:44:39', '2001-09-04 02:31:16', 1);
INSERT INTO `orders` (`id`, `created_at`, `updated_at`, `users_id`) VALUES (716, '2017-07-22 01:54:07', '0000-00-00 00:00:00', 12);
INSERT INTO `orders` (`id`, `created_at`, `updated_at`, `users_id`) VALUES (717, '1974-08-23 17:33:12', '1986-12-11 15:21:48', 19);
INSERT INTO `orders` (`id`, `created_at`, `updated_at`, `users_id`) VALUES (718, '1973-10-16 17:20:28', '0000-00-00 00:00:00', 15);
INSERT INTO `orders` (`id`, `created_at`, `updated_at`, `users_id`) VALUES (719, '1993-08-14 00:13:45', '2021-02-21 17:09:01', 7);
INSERT INTO `orders` (`id`, `created_at`, `updated_at`, `users_id`) VALUES (720, '1981-10-19 00:40:20', '0000-00-00 00:00:00', 7);
INSERT INTO `orders` (`id`, `created_at`, `updated_at`, `users_id`) VALUES (721, '1986-08-22 13:57:10', '1989-07-08 18:51:14', 20);
INSERT INTO `orders` (`id`, `created_at`, `updated_at`, `users_id`) VALUES (722, '2004-11-02 23:47:51', '1998-07-02 08:29:02', 20);
INSERT INTO `orders` (`id`, `created_at`, `updated_at`, `users_id`) VALUES (723, '2012-02-08 14:03:14', '1997-12-22 22:56:43', 6);
INSERT INTO `orders` (`id`, `created_at`, `updated_at`, `users_id`) VALUES (724, '1996-10-21 12:42:40', '1994-05-05 09:54:03', 14);
INSERT INTO `orders` (`id`, `created_at`, `updated_at`, `users_id`) VALUES (725, '2000-12-26 10:06:10', '0000-00-00 00:00:00', 5);
INSERT INTO `orders` (`id`, `created_at`, `updated_at`, `users_id`) VALUES (726, '1996-08-24 23:10:23', '0000-00-00 00:00:00', 17);
INSERT INTO `orders` (`id`, `created_at`, `updated_at`, `users_id`) VALUES (727, '2015-06-05 11:39:22', '0000-00-00 00:00:00', 18);
INSERT INTO `orders` (`id`, `created_at`, `updated_at`, `users_id`) VALUES (728, '1989-08-01 18:25:51', '2004-05-24 12:50:45', 11);
INSERT INTO `orders` (`id`, `created_at`, `updated_at`, `users_id`) VALUES (729, '1978-01-08 05:41:29', '2012-02-12 16:40:24', 5);
INSERT INTO `orders` (`id`, `created_at`, `updated_at`, `users_id`) VALUES (730, '2010-03-16 21:33:50', '1998-10-17 05:34:27', 8);
INSERT INTO `orders` (`id`, `created_at`, `updated_at`, `users_id`) VALUES (731, '2015-04-20 07:48:11', '0000-00-00 00:00:00', 6);
INSERT INTO `orders` (`id`, `created_at`, `updated_at`, `users_id`) VALUES (732, '2019-07-15 00:44:21', '0000-00-00 00:00:00', 19);
INSERT INTO `orders` (`id`, `created_at`, `updated_at`, `users_id`) VALUES (733, '2003-07-11 18:25:07', '1978-08-29 20:49:03', 12);
INSERT INTO `orders` (`id`, `created_at`, `updated_at`, `users_id`) VALUES (734, '1988-12-06 23:41:25', '0000-00-00 00:00:00', 16);
INSERT INTO `orders` (`id`, `created_at`, `updated_at`, `users_id`) VALUES (735, '1994-03-03 01:38:43', '0000-00-00 00:00:00', 9);
INSERT INTO `orders` (`id`, `created_at`, `updated_at`, `users_id`) VALUES (736, '1979-12-21 00:11:40', '2017-12-10 12:40:00', 9);
INSERT INTO `orders` (`id`, `created_at`, `updated_at`, `users_id`) VALUES (737, '1986-06-01 20:31:26', '0000-00-00 00:00:00', 5);
INSERT INTO `orders` (`id`, `created_at`, `updated_at`, `users_id`) VALUES (738, '1982-02-03 19:23:42', '0000-00-00 00:00:00', 9);
INSERT INTO `orders` (`id`, `created_at`, `updated_at`, `users_id`) VALUES (739, '2015-03-28 02:26:51', '0000-00-00 00:00:00', 4);
INSERT INTO `orders` (`id`, `created_at`, `updated_at`, `users_id`) VALUES (740, '2014-02-10 12:31:39', '1974-08-11 14:52:41', 17);
INSERT INTO `orders` (`id`, `created_at`, `updated_at`, `users_id`) VALUES (741, '2012-05-19 06:13:41', '1972-08-11 06:38:36', 13);
INSERT INTO `orders` (`id`, `created_at`, `updated_at`, `users_id`) VALUES (742, '2013-06-15 13:37:12', '0000-00-00 00:00:00', 8);
INSERT INTO `orders` (`id`, `created_at`, `updated_at`, `users_id`) VALUES (743, '2016-11-29 20:02:43', '2021-02-14 00:53:55', 4);
INSERT INTO `orders` (`id`, `created_at`, `updated_at`, `users_id`) VALUES (744, '1984-04-24 12:53:34', '0000-00-00 00:00:00', 3);
INSERT INTO `orders` (`id`, `created_at`, `updated_at`, `users_id`) VALUES (745, '1973-11-23 23:33:04', '0000-00-00 00:00:00', 4);
INSERT INTO `orders` (`id`, `created_at`, `updated_at`, `users_id`) VALUES (746, '2003-10-19 21:05:53', '1990-03-10 08:02:22', 5);
INSERT INTO `orders` (`id`, `created_at`, `updated_at`, `users_id`) VALUES (747, '2017-02-02 05:14:19', '1983-07-27 02:41:09', 15);
INSERT INTO `orders` (`id`, `created_at`, `updated_at`, `users_id`) VALUES (748, '2003-11-08 02:30:20', '0000-00-00 00:00:00', 2);
INSERT INTO `orders` (`id`, `created_at`, `updated_at`, `users_id`) VALUES (749, '1996-02-16 04:27:49', '1999-08-02 05:23:53', 20);
INSERT INTO `orders` (`id`, `created_at`, `updated_at`, `users_id`) VALUES (750, '1979-12-03 05:52:50', '1981-05-03 21:43:32', 2);
INSERT INTO `orders` (`id`, `created_at`, `updated_at`, `users_id`) VALUES (751, '1992-10-20 18:44:44', '1994-03-17 10:49:14', 9);
INSERT INTO `orders` (`id`, `created_at`, `updated_at`, `users_id`) VALUES (752, '1982-09-21 04:48:59', '0000-00-00 00:00:00', 19);
INSERT INTO `orders` (`id`, `created_at`, `updated_at`, `users_id`) VALUES (753, '1997-07-20 20:26:36', '0000-00-00 00:00:00', 1);
INSERT INTO `orders` (`id`, `created_at`, `updated_at`, `users_id`) VALUES (754, '1993-08-17 06:40:44', '2002-07-24 11:29:18', 14);
INSERT INTO `orders` (`id`, `created_at`, `updated_at`, `users_id`) VALUES (755, '2014-02-13 15:58:21', '1987-12-01 03:40:14', 13);
INSERT INTO `orders` (`id`, `created_at`, `updated_at`, `users_id`) VALUES (756, '1981-10-30 22:01:27', '2016-01-15 13:31:45', 6);
INSERT INTO `orders` (`id`, `created_at`, `updated_at`, `users_id`) VALUES (757, '1974-07-27 10:13:49', '1997-04-08 22:39:51', 11);
INSERT INTO `orders` (`id`, `created_at`, `updated_at`, `users_id`) VALUES (758, '1974-01-21 23:46:43', '1973-10-31 22:19:49', 10);
INSERT INTO `orders` (`id`, `created_at`, `updated_at`, `users_id`) VALUES (759, '2004-02-16 02:31:56', '0000-00-00 00:00:00', 16);
INSERT INTO `orders` (`id`, `created_at`, `updated_at`, `users_id`) VALUES (760, '1986-04-24 23:45:26', '0000-00-00 00:00:00', 15);
INSERT INTO `orders` (`id`, `created_at`, `updated_at`, `users_id`) VALUES (761, '2018-12-06 08:45:56', '0000-00-00 00:00:00', 18);
INSERT INTO `orders` (`id`, `created_at`, `updated_at`, `users_id`) VALUES (762, '1988-08-20 16:55:44', '0000-00-00 00:00:00', 2);
INSERT INTO `orders` (`id`, `created_at`, `updated_at`, `users_id`) VALUES (763, '2014-07-11 02:19:51', '0000-00-00 00:00:00', 14);
INSERT INTO `orders` (`id`, `created_at`, `updated_at`, `users_id`) VALUES (764, '2000-06-06 02:44:19', '2017-11-05 06:14:16', 9);
INSERT INTO `orders` (`id`, `created_at`, `updated_at`, `users_id`) VALUES (765, '1979-06-16 08:49:09', '1999-06-19 08:18:16', 17);
INSERT INTO `orders` (`id`, `created_at`, `updated_at`, `users_id`) VALUES (766, '1999-10-09 02:53:37', '2002-10-23 03:23:34', 2);
INSERT INTO `orders` (`id`, `created_at`, `updated_at`, `users_id`) VALUES (767, '1978-11-06 04:57:25', '0000-00-00 00:00:00', 17);
INSERT INTO `orders` (`id`, `created_at`, `updated_at`, `users_id`) VALUES (768, '2004-07-03 18:48:40', '0000-00-00 00:00:00', 1);
INSERT INTO `orders` (`id`, `created_at`, `updated_at`, `users_id`) VALUES (769, '2006-08-22 19:17:19', '0000-00-00 00:00:00', 11);
INSERT INTO `orders` (`id`, `created_at`, `updated_at`, `users_id`) VALUES (770, '2020-11-11 06:27:11', '1996-01-07 08:17:11', 20);
INSERT INTO `orders` (`id`, `created_at`, `updated_at`, `users_id`) VALUES (771, '1999-08-09 14:09:06', '2004-09-26 21:06:25', 18);
INSERT INTO `orders` (`id`, `created_at`, `updated_at`, `users_id`) VALUES (772, '2002-11-03 17:40:40', '1990-01-14 06:04:00', 3);
INSERT INTO `orders` (`id`, `created_at`, `updated_at`, `users_id`) VALUES (773, '1971-12-07 00:12:15', '2017-11-09 03:45:30', 8);
INSERT INTO `orders` (`id`, `created_at`, `updated_at`, `users_id`) VALUES (774, '1975-05-16 08:11:24', '1979-02-17 08:54:38', 1);
INSERT INTO `orders` (`id`, `created_at`, `updated_at`, `users_id`) VALUES (775, '1978-12-21 12:37:07', '2008-03-24 14:28:16', 6);
INSERT INTO `orders` (`id`, `created_at`, `updated_at`, `users_id`) VALUES (776, '2016-01-30 14:16:59', '1978-11-28 21:16:53', 11);
INSERT INTO `orders` (`id`, `created_at`, `updated_at`, `users_id`) VALUES (777, '1991-10-07 01:45:35', '2002-05-17 18:50:40', 6);
INSERT INTO `orders` (`id`, `created_at`, `updated_at`, `users_id`) VALUES (778, '2005-11-01 23:21:21', '2014-07-26 08:25:09', 20);
INSERT INTO `orders` (`id`, `created_at`, `updated_at`, `users_id`) VALUES (779, '2020-09-07 05:35:44', '0000-00-00 00:00:00', 13);
INSERT INTO `orders` (`id`, `created_at`, `updated_at`, `users_id`) VALUES (780, '2012-02-22 17:41:43', '2012-06-27 10:36:39', 5);
INSERT INTO `orders` (`id`, `created_at`, `updated_at`, `users_id`) VALUES (781, '1990-04-14 10:52:44', '0000-00-00 00:00:00', 1);
INSERT INTO `orders` (`id`, `created_at`, `updated_at`, `users_id`) VALUES (782, '2010-10-25 09:43:48', '1991-10-06 16:25:31', 2);
INSERT INTO `orders` (`id`, `created_at`, `updated_at`, `users_id`) VALUES (783, '1971-04-24 10:45:32', '2004-09-06 09:48:14', 3);
INSERT INTO `orders` (`id`, `created_at`, `updated_at`, `users_id`) VALUES (784, '1994-10-22 20:06:07', '2011-07-25 14:37:59', 2);
INSERT INTO `orders` (`id`, `created_at`, `updated_at`, `users_id`) VALUES (785, '1970-02-08 13:13:40', '2008-08-31 09:40:06', 16);
INSERT INTO `orders` (`id`, `created_at`, `updated_at`, `users_id`) VALUES (786, '1991-09-22 03:17:32', '0000-00-00 00:00:00', 16);
INSERT INTO `orders` (`id`, `created_at`, `updated_at`, `users_id`) VALUES (787, '1976-01-19 07:16:12', '0000-00-00 00:00:00', 7);
INSERT INTO `orders` (`id`, `created_at`, `updated_at`, `users_id`) VALUES (788, '2011-07-20 11:32:22', '1990-09-19 19:26:27', 6);
INSERT INTO `orders` (`id`, `created_at`, `updated_at`, `users_id`) VALUES (789, '2007-05-16 09:05:23', '0000-00-00 00:00:00', 5);
INSERT INTO `orders` (`id`, `created_at`, `updated_at`, `users_id`) VALUES (790, '1979-02-18 03:43:24', '0000-00-00 00:00:00', 3);
INSERT INTO `orders` (`id`, `created_at`, `updated_at`, `users_id`) VALUES (791, '2014-12-11 09:39:44', '0000-00-00 00:00:00', 1);
INSERT INTO `orders` (`id`, `created_at`, `updated_at`, `users_id`) VALUES (792, '1988-10-29 02:50:42', '0000-00-00 00:00:00', 2);
INSERT INTO `orders` (`id`, `created_at`, `updated_at`, `users_id`) VALUES (793, '2004-04-17 00:36:19', '0000-00-00 00:00:00', 4);
INSERT INTO `orders` (`id`, `created_at`, `updated_at`, `users_id`) VALUES (794, '1995-05-30 04:06:55', '0000-00-00 00:00:00', 14);
INSERT INTO `orders` (`id`, `created_at`, `updated_at`, `users_id`) VALUES (795, '1987-07-16 09:31:59', '2006-08-07 08:34:35', 11);
INSERT INTO `orders` (`id`, `created_at`, `updated_at`, `users_id`) VALUES (796, '1993-08-30 11:50:12', '0000-00-00 00:00:00', 1);
INSERT INTO `orders` (`id`, `created_at`, `updated_at`, `users_id`) VALUES (797, '1980-12-03 12:42:41', '1973-05-04 15:31:59', 16);
INSERT INTO `orders` (`id`, `created_at`, `updated_at`, `users_id`) VALUES (798, '1985-08-28 21:07:45', '1980-03-11 15:51:24', 8);
INSERT INTO `orders` (`id`, `created_at`, `updated_at`, `users_id`) VALUES (799, '1986-03-05 03:33:33', '1999-09-06 03:09:13', 2);
INSERT INTO `orders` (`id`, `created_at`, `updated_at`, `users_id`) VALUES (800, '2002-01-10 04:57:24', '1998-01-13 06:36:47', 6);
INSERT INTO `orders` (`id`, `created_at`, `updated_at`, `users_id`) VALUES (801, '2005-12-19 12:48:12', '2006-12-26 17:33:27', 8);
INSERT INTO `orders` (`id`, `created_at`, `updated_at`, `users_id`) VALUES (802, '1995-08-07 01:02:45', '0000-00-00 00:00:00', 19);
INSERT INTO `orders` (`id`, `created_at`, `updated_at`, `users_id`) VALUES (803, '1972-12-11 04:28:40', '2010-05-13 03:03:35', 9);
INSERT INTO `orders` (`id`, `created_at`, `updated_at`, `users_id`) VALUES (804, '1982-08-26 19:01:58', '2007-10-06 09:05:42', 15);
INSERT INTO `orders` (`id`, `created_at`, `updated_at`, `users_id`) VALUES (805, '2017-11-05 04:36:10', '0000-00-00 00:00:00', 20);
INSERT INTO `orders` (`id`, `created_at`, `updated_at`, `users_id`) VALUES (806, '1989-12-23 17:30:26', '1983-05-21 15:07:05', 14);
INSERT INTO `orders` (`id`, `created_at`, `updated_at`, `users_id`) VALUES (807, '1981-01-30 00:14:31', '0000-00-00 00:00:00', 5);
INSERT INTO `orders` (`id`, `created_at`, `updated_at`, `users_id`) VALUES (808, '2000-03-24 09:58:24', '0000-00-00 00:00:00', 5);
INSERT INTO `orders` (`id`, `created_at`, `updated_at`, `users_id`) VALUES (809, '2011-12-07 22:30:23', '1997-11-08 20:33:23', 14);
INSERT INTO `orders` (`id`, `created_at`, `updated_at`, `users_id`) VALUES (810, '1985-09-10 18:46:40', '0000-00-00 00:00:00', 18);
INSERT INTO `orders` (`id`, `created_at`, `updated_at`, `users_id`) VALUES (811, '2013-11-30 22:34:53', '0000-00-00 00:00:00', 10);
INSERT INTO `orders` (`id`, `created_at`, `updated_at`, `users_id`) VALUES (812, '1971-10-10 00:00:16', '0000-00-00 00:00:00', 14);
INSERT INTO `orders` (`id`, `created_at`, `updated_at`, `users_id`) VALUES (813, '1971-02-24 08:46:29', '2014-03-29 21:00:26', 19);
INSERT INTO `orders` (`id`, `created_at`, `updated_at`, `users_id`) VALUES (814, '1999-04-01 16:27:00', '0000-00-00 00:00:00', 13);
INSERT INTO `orders` (`id`, `created_at`, `updated_at`, `users_id`) VALUES (815, '1974-08-05 15:54:35', '0000-00-00 00:00:00', 16);
INSERT INTO `orders` (`id`, `created_at`, `updated_at`, `users_id`) VALUES (816, '1970-01-12 08:59:17', '1999-02-06 23:19:56', 14);
INSERT INTO `orders` (`id`, `created_at`, `updated_at`, `users_id`) VALUES (817, '1976-07-20 14:38:25', '0000-00-00 00:00:00', 8);
INSERT INTO `orders` (`id`, `created_at`, `updated_at`, `users_id`) VALUES (818, '2002-05-25 02:55:42', '1994-05-21 19:14:54', 2);
INSERT INTO `orders` (`id`, `created_at`, `updated_at`, `users_id`) VALUES (819, '2018-04-08 23:12:08', '0000-00-00 00:00:00', 19);
INSERT INTO `orders` (`id`, `created_at`, `updated_at`, `users_id`) VALUES (820, '2003-07-10 05:24:21', '2004-05-22 04:21:09', 12);
INSERT INTO `orders` (`id`, `created_at`, `updated_at`, `users_id`) VALUES (821, '1995-06-15 22:17:31', '0000-00-00 00:00:00', 5);
INSERT INTO `orders` (`id`, `created_at`, `updated_at`, `users_id`) VALUES (822, '1987-09-21 01:05:45', '1986-03-04 11:34:01', 19);
INSERT INTO `orders` (`id`, `created_at`, `updated_at`, `users_id`) VALUES (823, '1987-11-10 22:15:23', '0000-00-00 00:00:00', 14);
INSERT INTO `orders` (`id`, `created_at`, `updated_at`, `users_id`) VALUES (824, '1970-07-05 03:56:34', '0000-00-00 00:00:00', 9);
INSERT INTO `orders` (`id`, `created_at`, `updated_at`, `users_id`) VALUES (825, '1992-07-18 18:46:46', '0000-00-00 00:00:00', 13);
INSERT INTO `orders` (`id`, `created_at`, `updated_at`, `users_id`) VALUES (826, '1979-09-23 23:30:41', '0000-00-00 00:00:00', 5);
INSERT INTO `orders` (`id`, `created_at`, `updated_at`, `users_id`) VALUES (827, '2015-10-11 19:17:18', '1970-08-31 00:30:26', 10);
INSERT INTO `orders` (`id`, `created_at`, `updated_at`, `users_id`) VALUES (828, '1998-05-26 18:41:18', '2001-03-08 15:45:09', 8);
INSERT INTO `orders` (`id`, `created_at`, `updated_at`, `users_id`) VALUES (829, '1973-05-20 09:20:55', '2001-10-02 12:25:29', 12);
INSERT INTO `orders` (`id`, `created_at`, `updated_at`, `users_id`) VALUES (830, '2019-11-15 14:38:50', '1992-02-02 00:43:12', 11);
INSERT INTO `orders` (`id`, `created_at`, `updated_at`, `users_id`) VALUES (831, '1987-06-13 02:50:09', '1986-03-02 05:03:06', 14);
INSERT INTO `orders` (`id`, `created_at`, `updated_at`, `users_id`) VALUES (832, '1981-06-21 13:03:57', '0000-00-00 00:00:00', 19);
INSERT INTO `orders` (`id`, `created_at`, `updated_at`, `users_id`) VALUES (833, '1986-02-20 02:23:27', '0000-00-00 00:00:00', 10);
INSERT INTO `orders` (`id`, `created_at`, `updated_at`, `users_id`) VALUES (834, '2001-08-08 20:10:11', '1979-04-25 12:48:46', 2);
INSERT INTO `orders` (`id`, `created_at`, `updated_at`, `users_id`) VALUES (835, '2012-11-21 01:19:37', '1982-10-25 04:37:43', 13);
INSERT INTO `orders` (`id`, `created_at`, `updated_at`, `users_id`) VALUES (836, '2013-11-20 14:32:22', '1985-03-17 20:50:41', 10);
INSERT INTO `orders` (`id`, `created_at`, `updated_at`, `users_id`) VALUES (837, '1994-11-30 22:27:21', '0000-00-00 00:00:00', 16);
INSERT INTO `orders` (`id`, `created_at`, `updated_at`, `users_id`) VALUES (838, '1986-08-09 13:16:46', '0000-00-00 00:00:00', 18);
INSERT INTO `orders` (`id`, `created_at`, `updated_at`, `users_id`) VALUES (839, '2017-12-03 02:48:35', '2015-05-27 08:58:57', 15);
INSERT INTO `orders` (`id`, `created_at`, `updated_at`, `users_id`) VALUES (840, '1973-10-20 07:01:23', '0000-00-00 00:00:00', 9);
INSERT INTO `orders` (`id`, `created_at`, `updated_at`, `users_id`) VALUES (841, '1994-01-08 17:11:40', '1982-11-23 22:29:45', 15);
INSERT INTO `orders` (`id`, `created_at`, `updated_at`, `users_id`) VALUES (842, '2007-11-09 06:00:28', '0000-00-00 00:00:00', 4);
INSERT INTO `orders` (`id`, `created_at`, `updated_at`, `users_id`) VALUES (843, '1987-04-27 11:42:06', '1975-05-20 19:37:32', 3);
INSERT INTO `orders` (`id`, `created_at`, `updated_at`, `users_id`) VALUES (844, '2003-11-19 09:01:11', '1989-03-26 23:43:06', 13);
INSERT INTO `orders` (`id`, `created_at`, `updated_at`, `users_id`) VALUES (845, '2017-09-19 06:54:41', '0000-00-00 00:00:00', 16);
INSERT INTO `orders` (`id`, `created_at`, `updated_at`, `users_id`) VALUES (846, '1993-06-10 13:41:34', '0000-00-00 00:00:00', 18);
INSERT INTO `orders` (`id`, `created_at`, `updated_at`, `users_id`) VALUES (847, '2003-10-26 02:14:09', '0000-00-00 00:00:00', 7);
INSERT INTO `orders` (`id`, `created_at`, `updated_at`, `users_id`) VALUES (848, '2009-05-08 21:56:54', '2007-12-03 04:53:14', 4);
INSERT INTO `orders` (`id`, `created_at`, `updated_at`, `users_id`) VALUES (849, '1999-05-15 15:24:38', '1991-08-02 16:53:48', 20);
INSERT INTO `orders` (`id`, `created_at`, `updated_at`, `users_id`) VALUES (850, '1978-01-04 23:11:55', '0000-00-00 00:00:00', 6);
INSERT INTO `orders` (`id`, `created_at`, `updated_at`, `users_id`) VALUES (851, '1970-04-21 02:50:09', '1993-03-31 04:23:51', 16);
INSERT INTO `orders` (`id`, `created_at`, `updated_at`, `users_id`) VALUES (852, '2000-09-16 12:36:57', '2008-02-28 17:35:27', 4);
INSERT INTO `orders` (`id`, `created_at`, `updated_at`, `users_id`) VALUES (853, '2019-01-31 01:13:57', '1985-05-12 11:40:56', 5);
INSERT INTO `orders` (`id`, `created_at`, `updated_at`, `users_id`) VALUES (854, '2018-03-09 16:26:43', '0000-00-00 00:00:00', 9);
INSERT INTO `orders` (`id`, `created_at`, `updated_at`, `users_id`) VALUES (855, '2013-04-25 20:43:51', '1990-05-20 19:03:48', 13);
INSERT INTO `orders` (`id`, `created_at`, `updated_at`, `users_id`) VALUES (856, '1980-10-30 02:12:44', '0000-00-00 00:00:00', 17);
INSERT INTO `orders` (`id`, `created_at`, `updated_at`, `users_id`) VALUES (857, '2013-06-04 15:19:52', '2008-07-04 12:09:29', 14);
INSERT INTO `orders` (`id`, `created_at`, `updated_at`, `users_id`) VALUES (858, '1985-11-03 13:51:16', '1993-07-07 04:18:59', 2);
INSERT INTO `orders` (`id`, `created_at`, `updated_at`, `users_id`) VALUES (859, '1992-05-31 01:26:03', '2002-10-24 09:03:31', 5);
INSERT INTO `orders` (`id`, `created_at`, `updated_at`, `users_id`) VALUES (860, '1996-09-11 20:54:21', '2002-09-23 04:12:36', 5);
INSERT INTO `orders` (`id`, `created_at`, `updated_at`, `users_id`) VALUES (861, '2002-04-16 05:23:49', '0000-00-00 00:00:00', 13);
INSERT INTO `orders` (`id`, `created_at`, `updated_at`, `users_id`) VALUES (862, '2019-07-16 10:53:11', '0000-00-00 00:00:00', 18);
INSERT INTO `orders` (`id`, `created_at`, `updated_at`, `users_id`) VALUES (863, '2017-07-27 10:21:42', '1977-03-17 06:01:12', 4);
INSERT INTO `orders` (`id`, `created_at`, `updated_at`, `users_id`) VALUES (864, '1975-04-07 13:56:10', '0000-00-00 00:00:00', 3);
INSERT INTO `orders` (`id`, `created_at`, `updated_at`, `users_id`) VALUES (865, '2006-12-03 02:07:50', '0000-00-00 00:00:00', 20);
INSERT INTO `orders` (`id`, `created_at`, `updated_at`, `users_id`) VALUES (866, '2009-01-23 03:03:30', '1977-04-16 20:47:20', 16);
INSERT INTO `orders` (`id`, `created_at`, `updated_at`, `users_id`) VALUES (867, '1972-02-16 21:55:20', '1980-02-27 13:13:23', 13);
INSERT INTO `orders` (`id`, `created_at`, `updated_at`, `users_id`) VALUES (868, '1979-04-19 06:36:28', '2010-03-19 16:43:55', 15);
INSERT INTO `orders` (`id`, `created_at`, `updated_at`, `users_id`) VALUES (869, '2019-09-25 01:27:01', '0000-00-00 00:00:00', 13);
INSERT INTO `orders` (`id`, `created_at`, `updated_at`, `users_id`) VALUES (870, '2013-10-11 13:54:17', '1977-12-29 08:54:07', 7);
INSERT INTO `orders` (`id`, `created_at`, `updated_at`, `users_id`) VALUES (871, '1970-01-08 11:30:07', '0000-00-00 00:00:00', 4);
INSERT INTO `orders` (`id`, `created_at`, `updated_at`, `users_id`) VALUES (872, '2014-12-15 22:32:27', '2013-04-01 21:41:51', 8);
INSERT INTO `orders` (`id`, `created_at`, `updated_at`, `users_id`) VALUES (873, '1993-09-11 09:17:14', '0000-00-00 00:00:00', 11);
INSERT INTO `orders` (`id`, `created_at`, `updated_at`, `users_id`) VALUES (874, '1985-06-12 09:15:16', '1986-06-17 16:44:23', 6);
INSERT INTO `orders` (`id`, `created_at`, `updated_at`, `users_id`) VALUES (875, '1992-08-03 18:17:05', '0000-00-00 00:00:00', 1);
INSERT INTO `orders` (`id`, `created_at`, `updated_at`, `users_id`) VALUES (876, '2013-03-10 16:52:42', '1975-01-18 06:00:20', 7);
INSERT INTO `orders` (`id`, `created_at`, `updated_at`, `users_id`) VALUES (877, '1981-07-12 03:02:56', '1971-04-20 06:09:52', 3);
INSERT INTO `orders` (`id`, `created_at`, `updated_at`, `users_id`) VALUES (878, '2011-02-23 13:45:00', '2013-06-18 06:34:53', 7);
INSERT INTO `orders` (`id`, `created_at`, `updated_at`, `users_id`) VALUES (879, '1985-07-08 12:50:06', '1996-08-19 22:55:30', 10);
INSERT INTO `orders` (`id`, `created_at`, `updated_at`, `users_id`) VALUES (880, '1977-12-20 23:29:19', '1990-02-26 12:24:45', 2);
INSERT INTO `orders` (`id`, `created_at`, `updated_at`, `users_id`) VALUES (881, '1996-09-27 14:40:46', '2016-06-09 06:26:00', 12);
INSERT INTO `orders` (`id`, `created_at`, `updated_at`, `users_id`) VALUES (882, '2011-11-12 11:43:59', '0000-00-00 00:00:00', 5);
INSERT INTO `orders` (`id`, `created_at`, `updated_at`, `users_id`) VALUES (883, '2003-10-01 21:02:25', '2014-03-11 12:15:45', 6);
INSERT INTO `orders` (`id`, `created_at`, `updated_at`, `users_id`) VALUES (884, '1982-04-26 02:33:22', '0000-00-00 00:00:00', 16);
INSERT INTO `orders` (`id`, `created_at`, `updated_at`, `users_id`) VALUES (885, '1979-09-13 07:03:49', '0000-00-00 00:00:00', 14);
INSERT INTO `orders` (`id`, `created_at`, `updated_at`, `users_id`) VALUES (886, '1976-01-02 05:12:39', '1999-08-23 10:28:54', 18);
INSERT INTO `orders` (`id`, `created_at`, `updated_at`, `users_id`) VALUES (887, '2015-10-17 17:18:59', '2006-10-30 03:48:54', 13);
INSERT INTO `orders` (`id`, `created_at`, `updated_at`, `users_id`) VALUES (888, '2012-02-06 20:13:06', '0000-00-00 00:00:00', 8);
INSERT INTO `orders` (`id`, `created_at`, `updated_at`, `users_id`) VALUES (889, '1974-07-16 16:17:39', '0000-00-00 00:00:00', 20);
INSERT INTO `orders` (`id`, `created_at`, `updated_at`, `users_id`) VALUES (890, '1990-11-21 09:19:37', '2008-10-19 18:37:47', 17);
INSERT INTO `orders` (`id`, `created_at`, `updated_at`, `users_id`) VALUES (891, '1976-02-19 00:35:11', '1998-07-05 00:32:42', 12);
INSERT INTO `orders` (`id`, `created_at`, `updated_at`, `users_id`) VALUES (892, '2010-08-31 18:03:22', '1980-12-13 21:22:49', 12);
INSERT INTO `orders` (`id`, `created_at`, `updated_at`, `users_id`) VALUES (893, '1986-04-13 00:09:37', '0000-00-00 00:00:00', 14);
INSERT INTO `orders` (`id`, `created_at`, `updated_at`, `users_id`) VALUES (894, '2002-01-08 20:19:35', '2005-06-16 23:37:32', 16);
INSERT INTO `orders` (`id`, `created_at`, `updated_at`, `users_id`) VALUES (895, '2020-04-18 07:18:44', '0000-00-00 00:00:00', 15);
INSERT INTO `orders` (`id`, `created_at`, `updated_at`, `users_id`) VALUES (896, '2017-03-13 16:00:41', '1985-11-09 18:05:42', 14);
INSERT INTO `orders` (`id`, `created_at`, `updated_at`, `users_id`) VALUES (897, '1994-10-16 12:54:17', '2007-09-19 19:36:01', 11);
INSERT INTO `orders` (`id`, `created_at`, `updated_at`, `users_id`) VALUES (898, '2008-12-08 08:54:28', '0000-00-00 00:00:00', 7);
INSERT INTO `orders` (`id`, `created_at`, `updated_at`, `users_id`) VALUES (899, '1980-10-31 22:20:41', '2017-03-12 09:48:45', 8);
INSERT INTO `orders` (`id`, `created_at`, `updated_at`, `users_id`) VALUES (900, '1983-02-05 07:12:12', '1996-02-17 16:24:55', 4);
INSERT INTO `orders` (`id`, `created_at`, `updated_at`, `users_id`) VALUES (901, '2004-03-16 10:28:35', '0000-00-00 00:00:00', 13);
INSERT INTO `orders` (`id`, `created_at`, `updated_at`, `users_id`) VALUES (902, '1995-02-28 15:53:09', '0000-00-00 00:00:00', 11);
INSERT INTO `orders` (`id`, `created_at`, `updated_at`, `users_id`) VALUES (903, '2016-10-13 07:57:08', '2012-04-30 23:41:52', 12);
INSERT INTO `orders` (`id`, `created_at`, `updated_at`, `users_id`) VALUES (904, '1996-11-12 06:24:24', '1991-10-08 18:04:51', 4);
INSERT INTO `orders` (`id`, `created_at`, `updated_at`, `users_id`) VALUES (905, '1997-08-18 05:11:38', '0000-00-00 00:00:00', 16);
INSERT INTO `orders` (`id`, `created_at`, `updated_at`, `users_id`) VALUES (906, '1984-05-03 09:26:24', '0000-00-00 00:00:00', 12);
INSERT INTO `orders` (`id`, `created_at`, `updated_at`, `users_id`) VALUES (907, '2005-11-16 07:51:37', '0000-00-00 00:00:00', 10);
INSERT INTO `orders` (`id`, `created_at`, `updated_at`, `users_id`) VALUES (908, '2016-01-12 04:42:47', '2010-10-09 10:45:51', 19);
INSERT INTO `orders` (`id`, `created_at`, `updated_at`, `users_id`) VALUES (909, '1990-10-20 23:40:05', '0000-00-00 00:00:00', 18);
INSERT INTO `orders` (`id`, `created_at`, `updated_at`, `users_id`) VALUES (910, '1994-06-22 07:33:59', '0000-00-00 00:00:00', 20);
INSERT INTO `orders` (`id`, `created_at`, `updated_at`, `users_id`) VALUES (911, '1999-10-15 14:06:46', '1981-11-04 17:36:32', 1);
INSERT INTO `orders` (`id`, `created_at`, `updated_at`, `users_id`) VALUES (912, '1990-03-24 04:06:18', '2020-10-08 15:54:00', 10);
INSERT INTO `orders` (`id`, `created_at`, `updated_at`, `users_id`) VALUES (913, '1991-03-23 13:08:32', '0000-00-00 00:00:00', 5);
INSERT INTO `orders` (`id`, `created_at`, `updated_at`, `users_id`) VALUES (914, '1988-03-29 20:38:54', '0000-00-00 00:00:00', 6);
INSERT INTO `orders` (`id`, `created_at`, `updated_at`, `users_id`) VALUES (915, '1973-05-01 03:10:14', '2012-05-30 03:02:11', 5);
INSERT INTO `orders` (`id`, `created_at`, `updated_at`, `users_id`) VALUES (916, '2014-07-10 04:59:25', '0000-00-00 00:00:00', 19);
INSERT INTO `orders` (`id`, `created_at`, `updated_at`, `users_id`) VALUES (917, '1977-11-24 05:18:50', '1988-09-19 05:03:43', 4);
INSERT INTO `orders` (`id`, `created_at`, `updated_at`, `users_id`) VALUES (918, '1994-01-14 20:18:57', '0000-00-00 00:00:00', 17);
INSERT INTO `orders` (`id`, `created_at`, `updated_at`, `users_id`) VALUES (919, '2007-05-21 18:10:57', '2006-01-31 09:43:02', 6);
INSERT INTO `orders` (`id`, `created_at`, `updated_at`, `users_id`) VALUES (920, '2007-03-18 21:27:07', '0000-00-00 00:00:00', 3);
INSERT INTO `orders` (`id`, `created_at`, `updated_at`, `users_id`) VALUES (921, '2003-02-08 07:33:38', '0000-00-00 00:00:00', 14);
INSERT INTO `orders` (`id`, `created_at`, `updated_at`, `users_id`) VALUES (922, '1997-04-25 14:21:30', '0000-00-00 00:00:00', 17);
INSERT INTO `orders` (`id`, `created_at`, `updated_at`, `users_id`) VALUES (923, '2002-09-06 11:31:48', '0000-00-00 00:00:00', 15);
INSERT INTO `orders` (`id`, `created_at`, `updated_at`, `users_id`) VALUES (924, '1984-11-16 16:11:19', '0000-00-00 00:00:00', 8);
INSERT INTO `orders` (`id`, `created_at`, `updated_at`, `users_id`) VALUES (925, '2013-09-23 22:13:17', '1985-07-27 20:05:43', 12);
INSERT INTO `orders` (`id`, `created_at`, `updated_at`, `users_id`) VALUES (926, '2012-10-06 20:40:44', '1990-06-09 16:59:57', 9);
INSERT INTO `orders` (`id`, `created_at`, `updated_at`, `users_id`) VALUES (927, '2007-10-12 02:31:16', '0000-00-00 00:00:00', 1);
INSERT INTO `orders` (`id`, `created_at`, `updated_at`, `users_id`) VALUES (928, '2006-02-06 00:52:28', '1996-01-30 17:52:25', 3);
INSERT INTO `orders` (`id`, `created_at`, `updated_at`, `users_id`) VALUES (929, '2009-03-27 05:49:58', '0000-00-00 00:00:00', 15);
INSERT INTO `orders` (`id`, `created_at`, `updated_at`, `users_id`) VALUES (930, '2001-11-23 15:39:42', '0000-00-00 00:00:00', 8);
INSERT INTO `orders` (`id`, `created_at`, `updated_at`, `users_id`) VALUES (931, '1974-06-01 11:47:25', '0000-00-00 00:00:00', 7);
INSERT INTO `orders` (`id`, `created_at`, `updated_at`, `users_id`) VALUES (932, '1999-02-07 19:22:26', '0000-00-00 00:00:00', 8);
INSERT INTO `orders` (`id`, `created_at`, `updated_at`, `users_id`) VALUES (933, '1997-04-28 19:03:02', '2016-06-10 04:22:02', 19);
INSERT INTO `orders` (`id`, `created_at`, `updated_at`, `users_id`) VALUES (934, '1994-03-30 14:32:03', '2000-10-10 02:16:08', 18);
INSERT INTO `orders` (`id`, `created_at`, `updated_at`, `users_id`) VALUES (935, '2011-09-04 19:37:45', '2013-09-07 03:50:47', 12);
INSERT INTO `orders` (`id`, `created_at`, `updated_at`, `users_id`) VALUES (936, '1998-01-23 03:04:45', '0000-00-00 00:00:00', 15);
INSERT INTO `orders` (`id`, `created_at`, `updated_at`, `users_id`) VALUES (937, '1979-07-14 21:56:22', '1981-02-08 20:12:57', 9);
INSERT INTO `orders` (`id`, `created_at`, `updated_at`, `users_id`) VALUES (938, '1975-07-09 00:51:25', '1977-08-17 08:57:50', 1);
INSERT INTO `orders` (`id`, `created_at`, `updated_at`, `users_id`) VALUES (939, '1972-06-14 01:45:04', '1996-02-05 23:00:20', 13);
INSERT INTO `orders` (`id`, `created_at`, `updated_at`, `users_id`) VALUES (940, '1981-08-15 12:06:59', '1976-01-20 03:56:46', 7);
INSERT INTO `orders` (`id`, `created_at`, `updated_at`, `users_id`) VALUES (941, '2007-09-11 16:16:29', '2002-05-18 23:16:50', 1);
INSERT INTO `orders` (`id`, `created_at`, `updated_at`, `users_id`) VALUES (942, '1970-07-08 01:01:37', '1979-05-13 15:56:20', 13);
INSERT INTO `orders` (`id`, `created_at`, `updated_at`, `users_id`) VALUES (943, '2014-04-13 11:59:39', '0000-00-00 00:00:00', 17);
INSERT INTO `orders` (`id`, `created_at`, `updated_at`, `users_id`) VALUES (944, '1977-12-15 00:05:23', '0000-00-00 00:00:00', 5);
INSERT INTO `orders` (`id`, `created_at`, `updated_at`, `users_id`) VALUES (945, '1996-05-09 22:04:10', '1989-09-17 10:37:39', 19);
INSERT INTO `orders` (`id`, `created_at`, `updated_at`, `users_id`) VALUES (946, '2002-01-12 07:54:21', '2002-03-29 15:14:20', 2);
INSERT INTO `orders` (`id`, `created_at`, `updated_at`, `users_id`) VALUES (947, '1998-12-15 14:45:23', '2013-05-17 20:31:19', 3);
INSERT INTO `orders` (`id`, `created_at`, `updated_at`, `users_id`) VALUES (948, '1977-01-04 20:16:58', '2001-03-31 11:10:49', 2);
INSERT INTO `orders` (`id`, `created_at`, `updated_at`, `users_id`) VALUES (949, '2009-04-25 23:21:53', '0000-00-00 00:00:00', 18);
INSERT INTO `orders` (`id`, `created_at`, `updated_at`, `users_id`) VALUES (950, '1984-03-26 22:26:07', '0000-00-00 00:00:00', 8);
INSERT INTO `orders` (`id`, `created_at`, `updated_at`, `users_id`) VALUES (951, '1984-01-19 16:04:21', '0000-00-00 00:00:00', 5);
INSERT INTO `orders` (`id`, `created_at`, `updated_at`, `users_id`) VALUES (952, '1975-08-11 08:14:51', '2000-03-19 22:54:55', 12);
INSERT INTO `orders` (`id`, `created_at`, `updated_at`, `users_id`) VALUES (953, '1975-01-29 17:46:18', '0000-00-00 00:00:00', 5);
INSERT INTO `orders` (`id`, `created_at`, `updated_at`, `users_id`) VALUES (954, '2017-12-20 07:10:03', '2020-04-07 14:12:19', 19);
INSERT INTO `orders` (`id`, `created_at`, `updated_at`, `users_id`) VALUES (955, '1999-12-26 20:38:58', '0000-00-00 00:00:00', 19);
INSERT INTO `orders` (`id`, `created_at`, `updated_at`, `users_id`) VALUES (956, '1997-12-27 02:53:51', '0000-00-00 00:00:00', 17);
INSERT INTO `orders` (`id`, `created_at`, `updated_at`, `users_id`) VALUES (957, '1984-11-24 18:35:01', '2009-11-13 21:50:43', 8);
INSERT INTO `orders` (`id`, `created_at`, `updated_at`, `users_id`) VALUES (958, '2013-09-18 20:16:00', '0000-00-00 00:00:00', 19);
INSERT INTO `orders` (`id`, `created_at`, `updated_at`, `users_id`) VALUES (959, '2004-04-28 21:49:36', '0000-00-00 00:00:00', 20);
INSERT INTO `orders` (`id`, `created_at`, `updated_at`, `users_id`) VALUES (960, '1986-11-04 09:43:10', '0000-00-00 00:00:00', 3);
INSERT INTO `orders` (`id`, `created_at`, `updated_at`, `users_id`) VALUES (961, '1973-06-13 00:20:13', '1977-10-26 21:14:45', 7);
INSERT INTO `orders` (`id`, `created_at`, `updated_at`, `users_id`) VALUES (962, '2009-08-12 16:14:19', '0000-00-00 00:00:00', 6);
INSERT INTO `orders` (`id`, `created_at`, `updated_at`, `users_id`) VALUES (963, '1971-07-30 01:35:18', '2005-06-19 10:38:32', 11);
INSERT INTO `orders` (`id`, `created_at`, `updated_at`, `users_id`) VALUES (964, '2018-09-01 20:05:09', '2005-02-13 20:54:58', 5);
INSERT INTO `orders` (`id`, `created_at`, `updated_at`, `users_id`) VALUES (965, '2008-10-22 14:52:56', '1970-09-19 08:07:57', 4);
INSERT INTO `orders` (`id`, `created_at`, `updated_at`, `users_id`) VALUES (966, '1970-01-02 14:38:14', '2003-02-26 19:00:37', 2);
INSERT INTO `orders` (`id`, `created_at`, `updated_at`, `users_id`) VALUES (967, '2013-04-20 19:14:21', '2011-09-22 13:59:09', 20);
INSERT INTO `orders` (`id`, `created_at`, `updated_at`, `users_id`) VALUES (968, '1984-03-21 12:09:08', '0000-00-00 00:00:00', 13);
INSERT INTO `orders` (`id`, `created_at`, `updated_at`, `users_id`) VALUES (969, '1970-06-17 09:44:36', '0000-00-00 00:00:00', 3);
INSERT INTO `orders` (`id`, `created_at`, `updated_at`, `users_id`) VALUES (970, '1996-12-02 22:09:19', '1986-10-15 20:12:24', 12);
INSERT INTO `orders` (`id`, `created_at`, `updated_at`, `users_id`) VALUES (971, '1998-07-23 02:03:40', '0000-00-00 00:00:00', 20);
INSERT INTO `orders` (`id`, `created_at`, `updated_at`, `users_id`) VALUES (972, '2011-12-21 11:39:16', '0000-00-00 00:00:00', 4);
INSERT INTO `orders` (`id`, `created_at`, `updated_at`, `users_id`) VALUES (973, '1988-02-22 23:49:00', '0000-00-00 00:00:00', 5);
INSERT INTO `orders` (`id`, `created_at`, `updated_at`, `users_id`) VALUES (974, '1993-12-28 18:43:24', '2020-04-12 06:09:33', 16);
INSERT INTO `orders` (`id`, `created_at`, `updated_at`, `users_id`) VALUES (975, '2018-12-01 18:17:49', '2003-09-02 07:11:28', 8);
INSERT INTO `orders` (`id`, `created_at`, `updated_at`, `users_id`) VALUES (976, '2010-12-21 05:19:36', '0000-00-00 00:00:00', 4);
INSERT INTO `orders` (`id`, `created_at`, `updated_at`, `users_id`) VALUES (977, '2016-02-28 05:05:59', '1996-12-26 21:23:01', 17);
INSERT INTO `orders` (`id`, `created_at`, `updated_at`, `users_id`) VALUES (978, '2005-04-28 02:11:51', '0000-00-00 00:00:00', 11);
INSERT INTO `orders` (`id`, `created_at`, `updated_at`, `users_id`) VALUES (979, '2018-08-13 08:43:26', '0000-00-00 00:00:00', 6);
INSERT INTO `orders` (`id`, `created_at`, `updated_at`, `users_id`) VALUES (980, '1980-10-31 21:41:23', '0000-00-00 00:00:00', 15);
INSERT INTO `orders` (`id`, `created_at`, `updated_at`, `users_id`) VALUES (981, '2011-12-09 00:44:17', '0000-00-00 00:00:00', 18);
INSERT INTO `orders` (`id`, `created_at`, `updated_at`, `users_id`) VALUES (982, '1990-02-09 16:35:40', '2001-09-28 21:45:05', 10);
INSERT INTO `orders` (`id`, `created_at`, `updated_at`, `users_id`) VALUES (983, '2007-12-24 07:29:52', '0000-00-00 00:00:00', 6);
INSERT INTO `orders` (`id`, `created_at`, `updated_at`, `users_id`) VALUES (984, '2010-10-11 14:35:14', '0000-00-00 00:00:00', 3);
INSERT INTO `orders` (`id`, `created_at`, `updated_at`, `users_id`) VALUES (985, '1977-08-05 13:31:48', '0000-00-00 00:00:00', 9);
INSERT INTO `orders` (`id`, `created_at`, `updated_at`, `users_id`) VALUES (986, '1971-05-02 05:34:05', '0000-00-00 00:00:00', 4);
INSERT INTO `orders` (`id`, `created_at`, `updated_at`, `users_id`) VALUES (987, '1971-12-21 22:39:51', '2012-08-13 17:11:50', 20);
INSERT INTO `orders` (`id`, `created_at`, `updated_at`, `users_id`) VALUES (988, '1973-10-03 12:29:16', '2017-08-09 07:35:34', 17);
INSERT INTO `orders` (`id`, `created_at`, `updated_at`, `users_id`) VALUES (989, '1997-06-30 16:57:10', '2017-01-21 12:38:15', 3);
INSERT INTO `orders` (`id`, `created_at`, `updated_at`, `users_id`) VALUES (990, '2008-03-08 09:20:45', '0000-00-00 00:00:00', 19);
INSERT INTO `orders` (`id`, `created_at`, `updated_at`, `users_id`) VALUES (991, '2020-08-19 20:26:08', '0000-00-00 00:00:00', 19);
INSERT INTO `orders` (`id`, `created_at`, `updated_at`, `users_id`) VALUES (992, '2003-07-20 13:35:16', '0000-00-00 00:00:00', 9);
INSERT INTO `orders` (`id`, `created_at`, `updated_at`, `users_id`) VALUES (993, '2019-08-05 12:39:00', '2002-04-07 15:30:51', 5);
INSERT INTO `orders` (`id`, `created_at`, `updated_at`, `users_id`) VALUES (994, '1989-06-22 16:30:44', '2003-06-05 06:20:26', 10);
INSERT INTO `orders` (`id`, `created_at`, `updated_at`, `users_id`) VALUES (995, '2010-04-09 12:09:40', '0000-00-00 00:00:00', 14);
INSERT INTO `orders` (`id`, `created_at`, `updated_at`, `users_id`) VALUES (996, '2005-10-23 20:41:24', '1984-05-12 01:27:04', 8);
INSERT INTO `orders` (`id`, `created_at`, `updated_at`, `users_id`) VALUES (997, '1975-11-28 03:47:09', '0000-00-00 00:00:00', 11);
INSERT INTO `orders` (`id`, `created_at`, `updated_at`, `users_id`) VALUES (998, '2013-05-26 04:57:27', '0000-00-00 00:00:00', 13);
INSERT INTO `orders` (`id`, `created_at`, `updated_at`, `users_id`) VALUES (999, '1992-08-09 17:29:41', '1975-01-25 04:45:44', 20);
INSERT INTO `orders` (`id`, `created_at`, `updated_at`, `users_id`) VALUES (1000, '1983-07-13 03:01:46', '1998-01-02 20:01:04', 14);


#
# TABLE STRUCTURE FOR: orders_products
#

DROP TABLE IF EXISTS `orders_products`;

CREATE TABLE `orders_products` (
  `id` int(10) unsigned NOT NULL AUTO_INCREMENT,
  `created_at` datetime DEFAULT current_timestamp(),
  `updated_at` datetime DEFAULT current_timestamp() ON UPDATE current_timestamp(),
  `total` int(11) NOT NULL DEFAULT 1,
  `orders_id` int(10) unsigned NOT NULL,
  `products_id` int(10) unsigned NOT NULL,
  PRIMARY KEY (`id`),
  KEY `fk_orders_products_orders1_idx` (`orders_id`),
  KEY `fk_orders_products_products1_idx` (`products_id`),
  CONSTRAINT `fk_orders_products_orders1` FOREIGN KEY (`orders_id`) REFERENCES `orders` (`id`),
  CONSTRAINT `fk_orders_products_products1` FOREIGN KEY (`products_id`) REFERENCES `products` (`id`)
) ENGINE=InnoDB AUTO_INCREMENT=101 DEFAULT CHARSET=utf8mb4 COLLATE=utf8mb4_unicode_ci;

INSERT INTO `orders_products` (`id`, `created_at`, `updated_at`, `total`, `orders_id`, `products_id`) VALUES (1, '1985-10-01 20:55:47', '1972-01-25 12:34:22', 10, 35, 149);
INSERT INTO `orders_products` (`id`, `created_at`, `updated_at`, `total`, `orders_id`, `products_id`) VALUES (2, '2017-02-15 23:25:57', '1975-08-14 13:56:03', 7, 306, 18);
INSERT INTO `orders_products` (`id`, `created_at`, `updated_at`, `total`, `orders_id`, `products_id`) VALUES (3, '2007-09-24 02:54:57', '1981-05-20 09:43:53', 1, 174, 100);
INSERT INTO `orders_products` (`id`, `created_at`, `updated_at`, `total`, `orders_id`, `products_id`) VALUES (4, '1999-11-10 23:26:33', '2010-04-07 09:43:49', 4, 210, 111);
INSERT INTO `orders_products` (`id`, `created_at`, `updated_at`, `total`, `orders_id`, `products_id`) VALUES (5, '1999-08-07 22:47:40', '2003-10-31 13:29:17', 8, 592, 178);
INSERT INTO `orders_products` (`id`, `created_at`, `updated_at`, `total`, `orders_id`, `products_id`) VALUES (6, '1993-01-19 02:36:33', '1983-03-14 08:14:19', 10, 728, 107);
INSERT INTO `orders_products` (`id`, `created_at`, `updated_at`, `total`, `orders_id`, `products_id`) VALUES (7, '1981-02-10 13:47:59', '2016-08-28 21:29:10', 4, 532, 97);
INSERT INTO `orders_products` (`id`, `created_at`, `updated_at`, `total`, `orders_id`, `products_id`) VALUES (8, '2002-10-06 01:45:25', '1993-08-15 00:03:27', 5, 662, 133);
INSERT INTO `orders_products` (`id`, `created_at`, `updated_at`, `total`, `orders_id`, `products_id`) VALUES (9, '2011-04-27 16:35:15', '2015-08-31 09:16:12', 8, 672, 130);
INSERT INTO `orders_products` (`id`, `created_at`, `updated_at`, `total`, `orders_id`, `products_id`) VALUES (10, '1990-07-19 11:36:02', '2012-07-04 18:28:58', 9, 925, 30);
INSERT INTO `orders_products` (`id`, `created_at`, `updated_at`, `total`, `orders_id`, `products_id`) VALUES (11, '1977-01-08 01:46:09', '1972-12-15 08:49:49', 3, 465, 49);
INSERT INTO `orders_products` (`id`, `created_at`, `updated_at`, `total`, `orders_id`, `products_id`) VALUES (12, '2005-07-03 01:57:41', '1972-12-21 22:55:15', 4, 533, 161);
INSERT INTO `orders_products` (`id`, `created_at`, `updated_at`, `total`, `orders_id`, `products_id`) VALUES (13, '1973-01-12 20:29:46', '1976-04-13 07:19:02', 7, 343, 46);
INSERT INTO `orders_products` (`id`, `created_at`, `updated_at`, `total`, `orders_id`, `products_id`) VALUES (14, '1997-05-01 20:34:15', '2008-04-24 01:52:56', 8, 462, 56);
INSERT INTO `orders_products` (`id`, `created_at`, `updated_at`, `total`, `orders_id`, `products_id`) VALUES (15, '1985-02-21 07:16:37', '1972-04-04 15:04:42', 9, 552, 90);
INSERT INTO `orders_products` (`id`, `created_at`, `updated_at`, `total`, `orders_id`, `products_id`) VALUES (16, '1992-03-19 13:35:20', '1970-03-26 00:04:34', 5, 889, 118);
INSERT INTO `orders_products` (`id`, `created_at`, `updated_at`, `total`, `orders_id`, `products_id`) VALUES (17, '2020-12-08 20:05:01', '2019-01-19 03:06:53', 1, 191, 39);
INSERT INTO `orders_products` (`id`, `created_at`, `updated_at`, `total`, `orders_id`, `products_id`) VALUES (18, '1996-07-11 13:04:19', '2000-04-24 18:13:19', 4, 673, 73);
INSERT INTO `orders_products` (`id`, `created_at`, `updated_at`, `total`, `orders_id`, `products_id`) VALUES (19, '1984-09-28 13:19:31', '2013-11-27 09:53:57', 10, 691, 177);
INSERT INTO `orders_products` (`id`, `created_at`, `updated_at`, `total`, `orders_id`, `products_id`) VALUES (20, '1999-01-22 03:01:23', '1994-01-18 18:42:42', 7, 917, 57);
INSERT INTO `orders_products` (`id`, `created_at`, `updated_at`, `total`, `orders_id`, `products_id`) VALUES (21, '2009-11-25 20:16:29', '1991-01-13 08:46:10', 10, 769, 129);
INSERT INTO `orders_products` (`id`, `created_at`, `updated_at`, `total`, `orders_id`, `products_id`) VALUES (22, '1972-08-01 05:12:34', '1995-01-12 01:42:24', 2, 816, 61);
INSERT INTO `orders_products` (`id`, `created_at`, `updated_at`, `total`, `orders_id`, `products_id`) VALUES (23, '1992-04-25 11:46:18', '1983-02-09 21:41:08', 4, 125, 96);
INSERT INTO `orders_products` (`id`, `created_at`, `updated_at`, `total`, `orders_id`, `products_id`) VALUES (24, '2005-02-12 11:45:01', '2002-02-26 09:42:02', 10, 964, 160);
INSERT INTO `orders_products` (`id`, `created_at`, `updated_at`, `total`, `orders_id`, `products_id`) VALUES (25, '1982-09-29 16:08:18', '1975-02-01 23:39:52', 3, 125, 178);
INSERT INTO `orders_products` (`id`, `created_at`, `updated_at`, `total`, `orders_id`, `products_id`) VALUES (26, '2016-01-18 13:35:05', '1987-09-28 08:09:38', 1, 945, 118);
INSERT INTO `orders_products` (`id`, `created_at`, `updated_at`, `total`, `orders_id`, `products_id`) VALUES (27, '2019-12-20 06:05:15', '1996-09-13 06:48:16', 1, 131, 96);
INSERT INTO `orders_products` (`id`, `created_at`, `updated_at`, `total`, `orders_id`, `products_id`) VALUES (28, '2013-03-16 07:45:42', '2012-09-17 20:43:50', 5, 393, 95);
INSERT INTO `orders_products` (`id`, `created_at`, `updated_at`, `total`, `orders_id`, `products_id`) VALUES (29, '1976-08-28 19:40:27', '1988-04-03 05:34:44', 10, 704, 171);
INSERT INTO `orders_products` (`id`, `created_at`, `updated_at`, `total`, `orders_id`, `products_id`) VALUES (30, '1999-05-14 10:57:39', '2010-05-26 12:36:27', 3, 750, 51);
INSERT INTO `orders_products` (`id`, `created_at`, `updated_at`, `total`, `orders_id`, `products_id`) VALUES (31, '1992-08-11 10:39:17', '2016-02-17 02:58:26', 5, 303, 128);
INSERT INTO `orders_products` (`id`, `created_at`, `updated_at`, `total`, `orders_id`, `products_id`) VALUES (32, '1995-09-02 22:39:39', '1977-06-09 06:07:49', 3, 841, 99);
INSERT INTO `orders_products` (`id`, `created_at`, `updated_at`, `total`, `orders_id`, `products_id`) VALUES (33, '2010-03-02 09:05:14', '1980-09-12 07:52:28', 7, 833, 103);
INSERT INTO `orders_products` (`id`, `created_at`, `updated_at`, `total`, `orders_id`, `products_id`) VALUES (34, '1980-01-28 12:35:56', '1999-01-07 02:02:41', 9, 858, 105);
INSERT INTO `orders_products` (`id`, `created_at`, `updated_at`, `total`, `orders_id`, `products_id`) VALUES (35, '2006-02-25 18:25:29', '2017-01-12 21:54:43', 8, 397, 155);
INSERT INTO `orders_products` (`id`, `created_at`, `updated_at`, `total`, `orders_id`, `products_id`) VALUES (36, '1983-11-26 01:00:11', '1973-03-06 19:09:40', 5, 806, 33);
INSERT INTO `orders_products` (`id`, `created_at`, `updated_at`, `total`, `orders_id`, `products_id`) VALUES (37, '1986-03-21 16:21:22', '2005-07-27 07:48:18', 9, 418, 125);
INSERT INTO `orders_products` (`id`, `created_at`, `updated_at`, `total`, `orders_id`, `products_id`) VALUES (38, '1972-11-08 17:17:52', '2007-06-12 00:31:35', 6, 465, 109);
INSERT INTO `orders_products` (`id`, `created_at`, `updated_at`, `total`, `orders_id`, `products_id`) VALUES (39, '1984-04-17 18:40:46', '2006-08-28 12:27:13', 5, 99, 86);
INSERT INTO `orders_products` (`id`, `created_at`, `updated_at`, `total`, `orders_id`, `products_id`) VALUES (40, '2000-03-07 05:24:59', '1987-11-02 07:46:03', 2, 339, 45);
INSERT INTO `orders_products` (`id`, `created_at`, `updated_at`, `total`, `orders_id`, `products_id`) VALUES (41, '1994-01-03 03:22:08', '1993-04-23 11:29:26', 3, 318, 57);
INSERT INTO `orders_products` (`id`, `created_at`, `updated_at`, `total`, `orders_id`, `products_id`) VALUES (42, '1971-10-12 18:59:02', '1984-10-12 21:35:29', 8, 813, 90);
INSERT INTO `orders_products` (`id`, `created_at`, `updated_at`, `total`, `orders_id`, `products_id`) VALUES (43, '1985-05-20 14:36:33', '2003-04-30 07:15:40', 10, 761, 41);
INSERT INTO `orders_products` (`id`, `created_at`, `updated_at`, `total`, `orders_id`, `products_id`) VALUES (44, '1999-06-11 22:53:20', '2006-12-20 03:17:57', 7, 922, 93);
INSERT INTO `orders_products` (`id`, `created_at`, `updated_at`, `total`, `orders_id`, `products_id`) VALUES (45, '2014-10-04 12:14:47', '2005-09-10 11:16:10', 5, 58, 135);
INSERT INTO `orders_products` (`id`, `created_at`, `updated_at`, `total`, `orders_id`, `products_id`) VALUES (46, '1995-08-30 10:31:58', '2017-08-07 01:11:32', 3, 719, 73);
INSERT INTO `orders_products` (`id`, `created_at`, `updated_at`, `total`, `orders_id`, `products_id`) VALUES (47, '2011-01-13 22:45:36', '2020-12-24 10:58:28', 3, 309, 112);
INSERT INTO `orders_products` (`id`, `created_at`, `updated_at`, `total`, `orders_id`, `products_id`) VALUES (48, '2005-10-11 09:45:20', '2018-03-28 07:10:51', 5, 854, 29);
INSERT INTO `orders_products` (`id`, `created_at`, `updated_at`, `total`, `orders_id`, `products_id`) VALUES (49, '1980-08-13 21:29:39', '1999-06-07 01:15:28', 3, 74, 143);
INSERT INTO `orders_products` (`id`, `created_at`, `updated_at`, `total`, `orders_id`, `products_id`) VALUES (50, '1978-03-02 18:15:44', '1976-05-19 03:12:13', 6, 665, 95);
INSERT INTO `orders_products` (`id`, `created_at`, `updated_at`, `total`, `orders_id`, `products_id`) VALUES (51, '2019-05-14 04:22:35', '1973-03-11 11:27:10', 9, 484, 95);
INSERT INTO `orders_products` (`id`, `created_at`, `updated_at`, `total`, `orders_id`, `products_id`) VALUES (52, '1989-04-28 09:59:07', '1980-10-19 14:27:38', 5, 635, 181);
INSERT INTO `orders_products` (`id`, `created_at`, `updated_at`, `total`, `orders_id`, `products_id`) VALUES (53, '1978-07-13 03:03:33', '2012-06-18 16:12:09', 6, 92, 20);
INSERT INTO `orders_products` (`id`, `created_at`, `updated_at`, `total`, `orders_id`, `products_id`) VALUES (54, '2014-07-15 09:59:26', '1987-09-17 22:05:27', 8, 444, 39);
INSERT INTO `orders_products` (`id`, `created_at`, `updated_at`, `total`, `orders_id`, `products_id`) VALUES (55, '2016-03-15 06:37:19', '2008-09-29 09:02:07', 1, 528, 157);
INSERT INTO `orders_products` (`id`, `created_at`, `updated_at`, `total`, `orders_id`, `products_id`) VALUES (56, '1982-09-04 07:32:29', '1991-06-27 09:17:20', 9, 414, 169);
INSERT INTO `orders_products` (`id`, `created_at`, `updated_at`, `total`, `orders_id`, `products_id`) VALUES (57, '1983-09-15 16:02:15', '1980-02-06 19:36:23', 1, 66, 46);
INSERT INTO `orders_products` (`id`, `created_at`, `updated_at`, `total`, `orders_id`, `products_id`) VALUES (58, '1971-09-20 09:14:36', '1978-01-22 00:12:20', 7, 292, 166);
INSERT INTO `orders_products` (`id`, `created_at`, `updated_at`, `total`, `orders_id`, `products_id`) VALUES (59, '1998-10-02 07:22:27', '1999-11-24 15:21:23', 9, 431, 43);
INSERT INTO `orders_products` (`id`, `created_at`, `updated_at`, `total`, `orders_id`, `products_id`) VALUES (60, '1984-01-30 01:55:46', '1980-05-25 02:34:02', 6, 290, 98);
INSERT INTO `orders_products` (`id`, `created_at`, `updated_at`, `total`, `orders_id`, `products_id`) VALUES (61, '1999-08-02 21:56:58', '1978-02-07 12:32:35', 1, 884, 2);
INSERT INTO `orders_products` (`id`, `created_at`, `updated_at`, `total`, `orders_id`, `products_id`) VALUES (62, '2002-02-08 20:24:42', '1996-12-03 15:43:17', 10, 849, 39);
INSERT INTO `orders_products` (`id`, `created_at`, `updated_at`, `total`, `orders_id`, `products_id`) VALUES (63, '1994-04-11 21:26:16', '2000-11-30 20:30:49', 3, 569, 141);
INSERT INTO `orders_products` (`id`, `created_at`, `updated_at`, `total`, `orders_id`, `products_id`) VALUES (64, '1988-02-26 10:05:31', '2011-01-01 05:19:52', 8, 334, 129);
INSERT INTO `orders_products` (`id`, `created_at`, `updated_at`, `total`, `orders_id`, `products_id`) VALUES (65, '1970-03-18 07:36:47', '2000-07-24 10:35:11', 8, 413, 200);
INSERT INTO `orders_products` (`id`, `created_at`, `updated_at`, `total`, `orders_id`, `products_id`) VALUES (66, '2006-02-23 19:49:08', '1981-12-26 15:41:35', 8, 113, 180);
INSERT INTO `orders_products` (`id`, `created_at`, `updated_at`, `total`, `orders_id`, `products_id`) VALUES (67, '2006-07-27 22:18:04', '2013-02-06 18:20:26', 1, 470, 150);
INSERT INTO `orders_products` (`id`, `created_at`, `updated_at`, `total`, `orders_id`, `products_id`) VALUES (68, '2001-06-10 12:31:51', '2003-06-15 14:06:29', 3, 798, 113);
INSERT INTO `orders_products` (`id`, `created_at`, `updated_at`, `total`, `orders_id`, `products_id`) VALUES (69, '1978-08-30 14:14:06', '2001-04-29 15:59:31', 1, 846, 49);
INSERT INTO `orders_products` (`id`, `created_at`, `updated_at`, `total`, `orders_id`, `products_id`) VALUES (70, '2015-10-05 05:11:09', '1982-08-05 23:23:22', 2, 751, 75);
INSERT INTO `orders_products` (`id`, `created_at`, `updated_at`, `total`, `orders_id`, `products_id`) VALUES (71, '1990-06-22 00:50:14', '1979-09-09 20:04:46', 6, 23, 33);
INSERT INTO `orders_products` (`id`, `created_at`, `updated_at`, `total`, `orders_id`, `products_id`) VALUES (72, '2008-09-29 18:45:48', '1994-07-27 06:09:37', 8, 218, 18);
INSERT INTO `orders_products` (`id`, `created_at`, `updated_at`, `total`, `orders_id`, `products_id`) VALUES (73, '1979-08-25 16:54:48', '2013-09-14 01:44:18', 4, 391, 102);
INSERT INTO `orders_products` (`id`, `created_at`, `updated_at`, `total`, `orders_id`, `products_id`) VALUES (74, '1994-02-04 19:01:15', '2015-12-04 08:07:01', 7, 914, 165);
INSERT INTO `orders_products` (`id`, `created_at`, `updated_at`, `total`, `orders_id`, `products_id`) VALUES (75, '1981-11-09 12:38:18', '1994-09-11 00:36:41', 5, 723, 41);
INSERT INTO `orders_products` (`id`, `created_at`, `updated_at`, `total`, `orders_id`, `products_id`) VALUES (76, '1992-03-10 02:04:59', '1987-08-01 13:12:19', 6, 309, 122);
INSERT INTO `orders_products` (`id`, `created_at`, `updated_at`, `total`, `orders_id`, `products_id`) VALUES (77, '1982-04-15 00:15:42', '2015-04-30 04:48:09', 1, 212, 32);
INSERT INTO `orders_products` (`id`, `created_at`, `updated_at`, `total`, `orders_id`, `products_id`) VALUES (78, '1987-09-22 06:49:00', '2016-09-06 16:33:22', 2, 799, 157);
INSERT INTO `orders_products` (`id`, `created_at`, `updated_at`, `total`, `orders_id`, `products_id`) VALUES (79, '2000-08-29 11:10:37', '1988-12-23 14:52:35', 2, 860, 27);
INSERT INTO `orders_products` (`id`, `created_at`, `updated_at`, `total`, `orders_id`, `products_id`) VALUES (80, '1980-11-30 05:12:59', '2003-01-05 09:48:19', 5, 423, 55);
INSERT INTO `orders_products` (`id`, `created_at`, `updated_at`, `total`, `orders_id`, `products_id`) VALUES (81, '1999-07-23 22:05:15', '1982-10-01 18:35:13', 5, 132, 108);
INSERT INTO `orders_products` (`id`, `created_at`, `updated_at`, `total`, `orders_id`, `products_id`) VALUES (82, '1991-10-01 03:43:40', '1998-12-22 23:41:41', 2, 168, 121);
INSERT INTO `orders_products` (`id`, `created_at`, `updated_at`, `total`, `orders_id`, `products_id`) VALUES (83, '2020-11-22 16:46:27', '2012-05-28 02:33:39', 1, 283, 193);
INSERT INTO `orders_products` (`id`, `created_at`, `updated_at`, `total`, `orders_id`, `products_id`) VALUES (84, '1989-10-27 09:13:46', '2003-10-19 02:06:11', 5, 162, 26);
INSERT INTO `orders_products` (`id`, `created_at`, `updated_at`, `total`, `orders_id`, `products_id`) VALUES (85, '1988-01-08 23:53:48', '1995-08-10 19:42:49', 7, 206, 183);
INSERT INTO `orders_products` (`id`, `created_at`, `updated_at`, `total`, `orders_id`, `products_id`) VALUES (86, '1998-11-24 18:08:51', '2011-12-31 03:08:26', 9, 501, 46);
INSERT INTO `orders_products` (`id`, `created_at`, `updated_at`, `total`, `orders_id`, `products_id`) VALUES (87, '1992-09-27 14:36:08', '2004-01-11 20:46:56', 7, 76, 144);
INSERT INTO `orders_products` (`id`, `created_at`, `updated_at`, `total`, `orders_id`, `products_id`) VALUES (88, '1990-03-26 06:01:32', '2002-03-08 14:53:39', 9, 316, 94);
INSERT INTO `orders_products` (`id`, `created_at`, `updated_at`, `total`, `orders_id`, `products_id`) VALUES (89, '1986-11-15 11:29:00', '1986-07-02 11:17:56', 6, 227, 46);
INSERT INTO `orders_products` (`id`, `created_at`, `updated_at`, `total`, `orders_id`, `products_id`) VALUES (90, '1990-01-12 04:04:33', '1970-10-19 17:04:42', 6, 287, 190);
INSERT INTO `orders_products` (`id`, `created_at`, `updated_at`, `total`, `orders_id`, `products_id`) VALUES (91, '1989-08-18 10:05:20', '2018-01-26 10:24:10', 3, 433, 120);
INSERT INTO `orders_products` (`id`, `created_at`, `updated_at`, `total`, `orders_id`, `products_id`) VALUES (92, '2012-05-02 23:06:57', '1984-05-01 04:29:04', 5, 556, 129);
INSERT INTO `orders_products` (`id`, `created_at`, `updated_at`, `total`, `orders_id`, `products_id`) VALUES (93, '2001-03-23 21:50:27', '1981-06-07 07:32:09', 1, 754, 71);
INSERT INTO `orders_products` (`id`, `created_at`, `updated_at`, `total`, `orders_id`, `products_id`) VALUES (94, '2010-07-30 16:57:50', '1987-08-13 18:58:16', 6, 426, 123);
INSERT INTO `orders_products` (`id`, `created_at`, `updated_at`, `total`, `orders_id`, `products_id`) VALUES (95, '1984-10-14 13:25:04', '1996-02-24 05:10:59', 2, 487, 170);
INSERT INTO `orders_products` (`id`, `created_at`, `updated_at`, `total`, `orders_id`, `products_id`) VALUES (96, '2012-08-04 22:29:58', '1989-03-18 04:29:37', 4, 884, 124);
INSERT INTO `orders_products` (`id`, `created_at`, `updated_at`, `total`, `orders_id`, `products_id`) VALUES (97, '1975-03-02 22:20:02', '1996-05-06 02:57:30', 4, 384, 11);
INSERT INTO `orders_products` (`id`, `created_at`, `updated_at`, `total`, `orders_id`, `products_id`) VALUES (98, '1971-07-20 05:29:35', '1984-10-23 00:31:21', 3, 219, 134);
INSERT INTO `orders_products` (`id`, `created_at`, `updated_at`, `total`, `orders_id`, `products_id`) VALUES (99, '1993-09-20 16:12:06', '2015-02-12 06:53:14', 10, 16, 76);
INSERT INTO `orders_products` (`id`, `created_at`, `updated_at`, `total`, `orders_id`, `products_id`) VALUES (100, '2018-05-07 05:09:46', '2008-02-05 16:05:48', 4, 794, 45);


#
# TABLE STRUCTURE FOR: products
#

DROP TABLE IF EXISTS `products`;

CREATE TABLE `products` (
  `id` int(10) unsigned NOT NULL AUTO_INCREMENT,
  `name` varchar(255) COLLATE utf8mb4_unicode_ci NOT NULL,
  `description` text COLLATE utf8mb4_unicode_ci DEFAULT NULL,
  `characteristics` longtext CHARACTER SET utf8mb4 COLLATE utf8mb4_bin DEFAULT NULL CHECK (json_valid(`characteristics`)),
  `price` decimal(9,2) NOT NULL DEFAULT 0.00,
  `created_at` datetime NOT NULL DEFAULT current_timestamp(),
  `updated_at` datetime DEFAULT current_timestamp() ON UPDATE current_timestamp(),
  `brands_id` int(10) unsigned DEFAULT NULL,
  `catalogs_id` int(10) unsigned DEFAULT NULL,
  PRIMARY KEY (`id`),
  KEY `fk_products_brands1_idx` (`brands_id`),
  KEY `fk_products_catalogs1_idx` (`catalogs_id`),
  CONSTRAINT `fk_products_brands1` FOREIGN KEY (`brands_id`) REFERENCES `brands` (`id`),
  CONSTRAINT `fk_products_catalogs1` FOREIGN KEY (`catalogs_id`) REFERENCES `catalogs` (`id`)
) ENGINE=InnoDB AUTO_INCREMENT=201 DEFAULT CHARSET=utf8mb4 COLLATE=utf8mb4_unicode_ci;

INSERT INTO `products` (`id`, `name`, `description`, `characteristics`, `price`, `created_at`, `updated_at`, `brands_id`, `catalogs_id`) VALUES (1, 'Facere dolore minima dolor.', '', NULL, '581.65', '1987-04-05 14:46:15', '0000-00-00 00:00:00', 23, 7);
INSERT INTO `products` (`id`, `name`, `description`, `characteristics`, `price`, `created_at`, `updated_at`, `brands_id`, `catalogs_id`) VALUES (2, 'Illo iure et.', '', NULL, '1824.37', '2011-12-23 16:17:53', '2017-12-29 07:47:02', 26, 9);
INSERT INTO `products` (`id`, `name`, `description`, `characteristics`, `price`, `created_at`, `updated_at`, `brands_id`, `catalogs_id`) VALUES (3, 'Temporibus doloremque repudiandae.', '', NULL, '7865.10', '1972-12-28 02:29:52', '0000-00-00 00:00:00', 12, 7);
INSERT INTO `products` (`id`, `name`, `description`, `characteristics`, `price`, `created_at`, `updated_at`, `brands_id`, `catalogs_id`) VALUES (4, 'Voluptate sed unde temporibus.', 'Perferendis labore provident dolorum quis consequuntur sit. Quidem temporibus optio qui et. Ducimus quo aspernatur magni.', NULL, '91.93', '1996-11-13 09:46:43', '0000-00-00 00:00:00', 25, 3);
INSERT INTO `products` (`id`, `name`, `description`, `characteristics`, `price`, `created_at`, `updated_at`, `brands_id`, `catalogs_id`) VALUES (5, 'Nostrum non omnis quia.', '', NULL, '1749.10', '1970-09-07 13:55:01', '1991-02-18 08:17:17', 21, 10);
INSERT INTO `products` (`id`, `name`, `description`, `characteristics`, `price`, `created_at`, `updated_at`, `brands_id`, `catalogs_id`) VALUES (6, 'Error totam.', 'Sit iusto deleniti et aliquid. Similique est vitae eos repellendus perspiciatis magnam quidem. Placeat illo ad molestias tempore.', NULL, '5239.51', '1975-11-11 19:55:31', '1985-03-28 07:49:16', 20, 8);
INSERT INTO `products` (`id`, `name`, `description`, `characteristics`, `price`, `created_at`, `updated_at`, `brands_id`, `catalogs_id`) VALUES (7, 'Eum autem.', '', NULL, '6578.78', '1980-12-14 01:25:08', '0000-00-00 00:00:00', 25, 5);
INSERT INTO `products` (`id`, `name`, `description`, `characteristics`, `price`, `created_at`, `updated_at`, `brands_id`, `catalogs_id`) VALUES (8, 'Et iure dolore aut commodi.', 'Qui et dignissimos perferendis sit voluptates. Est aut nam quos odit. Nam et placeat quo officiis.', NULL, '4261.33', '2015-04-28 01:42:46', '0000-00-00 00:00:00', 2, 10);
INSERT INTO `products` (`id`, `name`, `description`, `characteristics`, `price`, `created_at`, `updated_at`, `brands_id`, `catalogs_id`) VALUES (9, 'Rem odio architecto.', '', NULL, '979.06', '2012-06-03 12:16:19', '1999-09-14 23:41:34', 28, 10);
INSERT INTO `products` (`id`, `name`, `description`, `characteristics`, `price`, `created_at`, `updated_at`, `brands_id`, `catalogs_id`) VALUES (10, 'Fuga atque maiores.', 'Aliquam qui aut hic. Cupiditate sapiente et animi ex laboriosam commodi. Et non aut dolorem.', NULL, '8335.76', '1974-06-09 17:17:51', '0000-00-00 00:00:00', 8, 1);
INSERT INTO `products` (`id`, `name`, `description`, `characteristics`, `price`, `created_at`, `updated_at`, `brands_id`, `catalogs_id`) VALUES (11, 'Id dolores a.', '', NULL, '3316.47', '1984-12-28 09:06:50', '1992-05-11 00:49:07', 4, 8);
INSERT INTO `products` (`id`, `name`, `description`, `characteristics`, `price`, `created_at`, `updated_at`, `brands_id`, `catalogs_id`) VALUES (12, 'Excepturi et eveniet tempore.', 'Vero laborum beatae error earum repudiandae at repellat. Sunt architecto atque minima dignissimos. Placeat molestiae qui ipsa laudantium molestiae nemo.', NULL, '1745.34', '1986-06-12 19:50:30', '2009-12-11 16:21:04', 18, 7);
INSERT INTO `products` (`id`, `name`, `description`, `characteristics`, `price`, `created_at`, `updated_at`, `brands_id`, `catalogs_id`) VALUES (13, 'Laborum eveniet nulla.', '', NULL, '9359.31', '1986-12-02 01:56:56', '0000-00-00 00:00:00', 18, 1);
INSERT INTO `products` (`id`, `name`, `description`, `characteristics`, `price`, `created_at`, `updated_at`, `brands_id`, `catalogs_id`) VALUES (14, 'Aliquam atque recusandae.', 'Possimus aliquid nulla ipsum odit deserunt quia error. Sit eum maiores fugit. Non assumenda est dolorem dicta molestias quas illo. In illo autem mollitia libero voluptatem officia fuga consequuntur. Ullam aut ex culpa ipsum aut repudiandae illum.', NULL, '4409.73', '2020-06-23 15:01:18', '0000-00-00 00:00:00', 30, 1);
INSERT INTO `products` (`id`, `name`, `description`, `characteristics`, `price`, `created_at`, `updated_at`, `brands_id`, `catalogs_id`) VALUES (15, 'Voluptatem amet eos omnis.', '', NULL, '9870.22', '1974-09-29 02:19:10', '0000-00-00 00:00:00', 11, 6);
INSERT INTO `products` (`id`, `name`, `description`, `characteristics`, `price`, `created_at`, `updated_at`, `brands_id`, `catalogs_id`) VALUES (16, 'Qui voluptatum necessitatibus odio.', 'Dignissimos velit sit et nemo nemo. Vel quis cupiditate animi sapiente. Aut sunt veritatis enim quibusdam voluptatibus.', NULL, '3167.46', '2016-05-09 22:20:54', '1975-05-28 01:57:49', 24, 1);
INSERT INTO `products` (`id`, `name`, `description`, `characteristics`, `price`, `created_at`, `updated_at`, `brands_id`, `catalogs_id`) VALUES (17, 'Quia est eum et.', 'Consectetur est adipisci repellat ipsum aliquid. Et cum esse animi accusamus accusantium. Ipsum esse voluptatem corporis.', NULL, '3196.46', '1991-09-16 15:20:32', '1982-06-06 06:21:19', 5, 7);
INSERT INTO `products` (`id`, `name`, `description`, `characteristics`, `price`, `created_at`, `updated_at`, `brands_id`, `catalogs_id`) VALUES (18, 'Non perspiciatis sed similique.', '', NULL, '3163.18', '1988-05-25 02:03:59', '0000-00-00 00:00:00', 30, 6);
INSERT INTO `products` (`id`, `name`, `description`, `characteristics`, `price`, `created_at`, `updated_at`, `brands_id`, `catalogs_id`) VALUES (19, 'Totam labore.', 'Repudiandae sapiente tempora vel id. Aut deserunt facilis perferendis aut doloremque porro nihil. Omnis mollitia blanditiis dolor voluptatem. Id alias accusantium corporis.', NULL, '9714.10', '1996-11-04 10:39:21', '1986-06-22 16:23:33', 9, 8);
INSERT INTO `products` (`id`, `name`, `description`, `characteristics`, `price`, `created_at`, `updated_at`, `brands_id`, `catalogs_id`) VALUES (20, 'Velit et delectus.', '', NULL, '3140.40', '2020-04-04 23:13:21', '1997-01-29 23:12:32', 23, 10);
INSERT INTO `products` (`id`, `name`, `description`, `characteristics`, `price`, `created_at`, `updated_at`, `brands_id`, `catalogs_id`) VALUES (21, 'Sunt dignissimos aut.', '', NULL, '5316.57', '1987-12-20 11:47:14', '0000-00-00 00:00:00', 24, 4);
INSERT INTO `products` (`id`, `name`, `description`, `characteristics`, `price`, `created_at`, `updated_at`, `brands_id`, `catalogs_id`) VALUES (22, 'Saepe qui porro.', '', NULL, '4358.00', '2020-03-21 09:18:08', '1998-04-30 02:14:26', 22, 6);
INSERT INTO `products` (`id`, `name`, `description`, `characteristics`, `price`, `created_at`, `updated_at`, `brands_id`, `catalogs_id`) VALUES (23, 'Inventore distinctio tempore provident.', 'Repudiandae numquam est facilis architecto voluptates. Dolorem quisquam eaque dolorem. In quis repellat aut qui.', NULL, '5854.98', '1975-05-28 22:01:19', '0000-00-00 00:00:00', 26, 8);
INSERT INTO `products` (`id`, `name`, `description`, `characteristics`, `price`, `created_at`, `updated_at`, `brands_id`, `catalogs_id`) VALUES (24, 'Repellat aliquam eos sed.', 'Dicta dolor adipisci dolorum magnam iure nemo dolor. Reiciendis quos reprehenderit suscipit distinctio libero id. Atque vel et quaerat cum sed beatae dolores. Nobis natus odio molestias molestiae minus velit eum. Placeat necessitatibus saepe quia tempora corrupti vel facere.', NULL, '5876.58', '2010-09-24 04:52:53', '1995-06-11 14:50:02', 16, 8);
INSERT INTO `products` (`id`, `name`, `description`, `characteristics`, `price`, `created_at`, `updated_at`, `brands_id`, `catalogs_id`) VALUES (25, 'Molestiae sit et.', '', NULL, '9956.70', '1974-04-29 10:39:39', '0000-00-00 00:00:00', 22, 8);
INSERT INTO `products` (`id`, `name`, `description`, `characteristics`, `price`, `created_at`, `updated_at`, `brands_id`, `catalogs_id`) VALUES (26, 'Porro soluta quis impedit.', 'Voluptate ut reprehenderit porro quae totam. Nihil iure laudantium ea repellendus mollitia nobis et. Et totam et ex sed voluptatem.', NULL, '6032.37', '1998-06-19 14:43:37', '0000-00-00 00:00:00', 26, 9);
INSERT INTO `products` (`id`, `name`, `description`, `characteristics`, `price`, `created_at`, `updated_at`, `brands_id`, `catalogs_id`) VALUES (27, 'Necessitatibus consequuntur ducimus.', '', NULL, '4873.86', '1979-09-12 12:41:25', '0000-00-00 00:00:00', 16, 5);
INSERT INTO `products` (`id`, `name`, `description`, `characteristics`, `price`, `created_at`, `updated_at`, `brands_id`, `catalogs_id`) VALUES (28, 'Maiores numquam iure non.', 'Optio reiciendis error vel rerum. Aliquam adipisci nemo cum rerum. Delectus quae esse sit voluptate praesentium enim rerum. Autem alias quod delectus.', NULL, '2980.16', '1999-11-29 17:24:21', '0000-00-00 00:00:00', 15, 2);
INSERT INTO `products` (`id`, `name`, `description`, `characteristics`, `price`, `created_at`, `updated_at`, `brands_id`, `catalogs_id`) VALUES (29, 'Neque molestias libero.', 'Distinctio culpa omnis et enim. A ducimus et iusto dolores. Et aliquam aut et architecto necessitatibus et.', NULL, '1463.70', '2005-10-27 15:40:49', '0000-00-00 00:00:00', 15, 5);
INSERT INTO `products` (`id`, `name`, `description`, `characteristics`, `price`, `created_at`, `updated_at`, `brands_id`, `catalogs_id`) VALUES (30, 'Quod ad debitis dolor.', 'Earum sunt culpa totam vitae. Sapiente voluptatibus animi saepe dolor minima repudiandae. Non illum non voluptates neque qui. Pariatur commodi voluptatibus temporibus commodi.', NULL, '5536.95', '1970-08-28 14:16:24', '0000-00-00 00:00:00', 5, 9);
INSERT INTO `products` (`id`, `name`, `description`, `characteristics`, `price`, `created_at`, `updated_at`, `brands_id`, `catalogs_id`) VALUES (31, 'Vitae sit quos.', 'Beatae reprehenderit rem voluptatem perferendis et omnis repudiandae. Ut dolorem aut non. Laborum exercitationem culpa unde dolorem. Minus nemo rem et.', NULL, '4092.82', '2016-12-16 09:40:34', '2017-02-27 07:12:12', 29, 10);
INSERT INTO `products` (`id`, `name`, `description`, `characteristics`, `price`, `created_at`, `updated_at`, `brands_id`, `catalogs_id`) VALUES (32, 'Dicta tenetur ut.', 'Fuga eos officia quam. Mollitia voluptatem eveniet ipsam aperiam molestiae dolorem quisquam. Tempore ea aut eos cumque id blanditiis. Est quia dolores ut quo excepturi excepturi necessitatibus.', NULL, '4024.59', '2014-07-23 18:42:22', '0000-00-00 00:00:00', 29, 2);
INSERT INTO `products` (`id`, `name`, `description`, `characteristics`, `price`, `created_at`, `updated_at`, `brands_id`, `catalogs_id`) VALUES (33, 'Nulla et incidunt.', '', NULL, '2981.22', '2005-11-29 14:16:23', '1999-08-15 07:13:39', 19, 10);
INSERT INTO `products` (`id`, `name`, `description`, `characteristics`, `price`, `created_at`, `updated_at`, `brands_id`, `catalogs_id`) VALUES (34, 'Dolores quaerat et.', 'Consequatur soluta ipsam sapiente tempora molestiae enim facere. Voluptates iure ipsum odio aut veritatis natus architecto. Voluptate sint repudiandae dolorem temporibus odit aut. Aperiam eos alias rem consequatur similique eos doloribus consequatur.', NULL, '2771.40', '2019-08-11 18:29:29', '2003-12-29 20:00:44', 20, 9);
INSERT INTO `products` (`id`, `name`, `description`, `characteristics`, `price`, `created_at`, `updated_at`, `brands_id`, `catalogs_id`) VALUES (35, 'Vel sed laborum quisquam ex.', 'Consectetur impedit velit minima aut. Atque necessitatibus praesentium sit est sit reiciendis. Necessitatibus sed provident repellendus soluta itaque nulla libero. Est rerum ut molestiae optio itaque alias earum. Nobis est inventore saepe nihil.', NULL, '1454.05', '1997-11-10 10:09:55', '0000-00-00 00:00:00', 22, 4);
INSERT INTO `products` (`id`, `name`, `description`, `characteristics`, `price`, `created_at`, `updated_at`, `brands_id`, `catalogs_id`) VALUES (36, 'A nisi corporis labore.', '', NULL, '4008.44', '2010-04-16 20:29:12', '0000-00-00 00:00:00', 25, 5);
INSERT INTO `products` (`id`, `name`, `description`, `characteristics`, `price`, `created_at`, `updated_at`, `brands_id`, `catalogs_id`) VALUES (37, 'Vel sunt ducimus.', 'Dolorum pariatur ab ut ea ut ut. Ducimus illo necessitatibus aut a similique. Asperiores omnis sed recusandae neque et.', NULL, '6151.37', '1987-02-14 02:11:40', '0000-00-00 00:00:00', 23, 6);
INSERT INTO `products` (`id`, `name`, `description`, `characteristics`, `price`, `created_at`, `updated_at`, `brands_id`, `catalogs_id`) VALUES (38, 'Iure reiciendis dolorum sit hic.', 'Quisquam quaerat iusto consequatur vel quia adipisci vero. Repellat fuga non ad sed. Ex debitis dolore ut totam quas. Enim ducimus distinctio quis repellat praesentium aut.', NULL, '6827.00', '1978-08-24 07:12:31', '2009-07-21 05:50:01', 3, 6);
INSERT INTO `products` (`id`, `name`, `description`, `characteristics`, `price`, `created_at`, `updated_at`, `brands_id`, `catalogs_id`) VALUES (39, 'Aut occaecati cupiditate.', 'Quia quia nemo architecto animi. Sit debitis voluptatem sapiente. Velit ea dolor ab delectus. Totam quia earum ducimus sunt ducimus qui dolorum. Aut consequuntur voluptate aliquam assumenda molestias qui.', NULL, '61.53', '2015-08-01 19:18:19', '1986-01-05 18:48:55', 11, 6);
INSERT INTO `products` (`id`, `name`, `description`, `characteristics`, `price`, `created_at`, `updated_at`, `brands_id`, `catalogs_id`) VALUES (40, 'Atque vel autem.', 'Et dolore aut deserunt nihil. Ipsum adipisci enim beatae. Alias libero aut molestias autem omnis. Minima et pariatur laudantium vel distinctio laudantium corrupti asperiores. Natus quas esse vitae asperiores.', NULL, '3350.89', '2019-11-25 02:18:16', '2008-01-31 21:47:17', 11, 1);
INSERT INTO `products` (`id`, `name`, `description`, `characteristics`, `price`, `created_at`, `updated_at`, `brands_id`, `catalogs_id`) VALUES (41, 'Distinctio porro blanditiis ut.', '', NULL, '3374.00', '1972-06-03 00:50:05', '0000-00-00 00:00:00', 11, 2);
INSERT INTO `products` (`id`, `name`, `description`, `characteristics`, `price`, `created_at`, `updated_at`, `brands_id`, `catalogs_id`) VALUES (42, 'Commodi necessitatibus ipsum.', 'Eaque tempora similique occaecati necessitatibus harum porro. Aperiam voluptatem quis recusandae tempore quam. Enim adipisci ea odio ab cupiditate earum et. Cum dolorem est ut exercitationem exercitationem accusantium aut.', NULL, '2415.00', '1985-09-21 15:51:27', '2008-01-24 03:55:29', 27, 9);
INSERT INTO `products` (`id`, `name`, `description`, `characteristics`, `price`, `created_at`, `updated_at`, `brands_id`, `catalogs_id`) VALUES (43, 'Perferendis eius et.', 'Est eligendi dolore rerum voluptate est. Sapiente sit optio molestiae dolorem. Quo culpa magnam harum voluptatibus qui. Consequatur accusamus alias ut tempore voluptatum velit.', NULL, '1679.76', '1986-12-01 22:41:37', '0000-00-00 00:00:00', 18, 4);
INSERT INTO `products` (`id`, `name`, `description`, `characteristics`, `price`, `created_at`, `updated_at`, `brands_id`, `catalogs_id`) VALUES (44, 'Ea impedit rem quia.', '', NULL, '7373.59', '1994-06-09 07:12:53', '0000-00-00 00:00:00', 30, 1);
INSERT INTO `products` (`id`, `name`, `description`, `characteristics`, `price`, `created_at`, `updated_at`, `brands_id`, `catalogs_id`) VALUES (45, 'Ducimus veritatis laudantium.', 'Consequatur cumque delectus quisquam id tempora minus dignissimos. Cupiditate deserunt placeat vitae et quam officiis.', NULL, '4879.00', '1999-01-06 03:24:32', '0000-00-00 00:00:00', 25, 2);
INSERT INTO `products` (`id`, `name`, `description`, `characteristics`, `price`, `created_at`, `updated_at`, `brands_id`, `catalogs_id`) VALUES (46, 'Voluptatem dolorem earum voluptas.', 'Iusto adipisci et totam laborum qui quis maiores. Laudantium iste ducimus dolorum tempora soluta. Quos commodi debitis architecto neque quae illum.', NULL, '4138.91', '1997-04-07 13:02:41', '1980-11-28 10:09:05', 28, 8);
INSERT INTO `products` (`id`, `name`, `description`, `characteristics`, `price`, `created_at`, `updated_at`, `brands_id`, `catalogs_id`) VALUES (47, 'Velit odio est tempora assumenda.', '', NULL, '7648.05', '1993-04-22 04:00:50', '1983-12-15 03:15:49', 3, 9);
INSERT INTO `products` (`id`, `name`, `description`, `characteristics`, `price`, `created_at`, `updated_at`, `brands_id`, `catalogs_id`) VALUES (48, 'Cumque rerum veniam distinctio.', '', NULL, '5401.92', '2006-07-14 12:08:03', '0000-00-00 00:00:00', 27, 8);
INSERT INTO `products` (`id`, `name`, `description`, `characteristics`, `price`, `created_at`, `updated_at`, `brands_id`, `catalogs_id`) VALUES (49, 'Quasi quae amet.', '', NULL, '9856.00', '1990-10-07 17:18:55', '1998-04-13 00:35:35', 24, 6);
INSERT INTO `products` (`id`, `name`, `description`, `characteristics`, `price`, `created_at`, `updated_at`, `brands_id`, `catalogs_id`) VALUES (50, 'Qui possimus voluptatem magni.', '', NULL, '5546.40', '1977-04-11 02:06:22', '0000-00-00 00:00:00', 18, 5);
INSERT INTO `products` (`id`, `name`, `description`, `characteristics`, `price`, `created_at`, `updated_at`, `brands_id`, `catalogs_id`) VALUES (51, 'Aperiam rerum quasi quo.', 'Facilis dolorum et ab est eum. Voluptatem debitis officia consectetur quaerat quia tempora. Provident est ipsam harum sint doloremque.', NULL, '1560.09', '2010-07-01 18:40:36', '0000-00-00 00:00:00', 27, 5);
INSERT INTO `products` (`id`, `name`, `description`, `characteristics`, `price`, `created_at`, `updated_at`, `brands_id`, `catalogs_id`) VALUES (52, 'Cupiditate voluptatem voluptates.', 'Illum similique id id exercitationem. Saepe voluptatum enim rerum quod consequuntur ut. Totam ex magni eveniet voluptatum nesciunt iure et. Ut ex aut earum aut suscipit modi.', NULL, '3256.00', '1995-08-08 06:31:33', '2020-11-30 04:42:49', 30, 7);
INSERT INTO `products` (`id`, `name`, `description`, `characteristics`, `price`, `created_at`, `updated_at`, `brands_id`, `catalogs_id`) VALUES (53, 'Officiis amet velit debitis.', 'Pariatur voluptatibus magnam id sunt doloremque. Alias quasi alias sed sint. Dolor et qui atque.', NULL, '9029.03', '1990-04-23 12:11:12', '2009-12-28 10:42:46', 30, 1);
INSERT INTO `products` (`id`, `name`, `description`, `characteristics`, `price`, `created_at`, `updated_at`, `brands_id`, `catalogs_id`) VALUES (54, 'Quas quidem et aut.', 'Inventore porro molestiae nihil molestiae temporibus. Est repellat reprehenderit reiciendis est aspernatur reiciendis sint. Molestiae eos quis expedita unde. Iste dolore at nam dicta.', NULL, '1115.54', '2004-01-23 12:17:01', '0000-00-00 00:00:00', 7, 4);
INSERT INTO `products` (`id`, `name`, `description`, `characteristics`, `price`, `created_at`, `updated_at`, `brands_id`, `catalogs_id`) VALUES (55, 'Accusamus et enim id consequatur.', '', NULL, '8579.17', '1975-12-24 13:54:23', '0000-00-00 00:00:00', 20, 6);
INSERT INTO `products` (`id`, `name`, `description`, `characteristics`, `price`, `created_at`, `updated_at`, `brands_id`, `catalogs_id`) VALUES (56, 'Iure et odit.', '', NULL, '8339.54', '1984-09-07 17:30:30', '2020-01-17 06:53:17', 13, 10);
INSERT INTO `products` (`id`, `name`, `description`, `characteristics`, `price`, `created_at`, `updated_at`, `brands_id`, `catalogs_id`) VALUES (57, 'Dolor enim distinctio aut.', 'Omnis repellat ut autem eligendi soluta voluptatem exercitationem. Maiores incidunt vel voluptatem quis. Nobis possimus et omnis amet et voluptatum impedit. Incidunt unde ea laboriosam vel doloribus.', NULL, '7091.73', '2005-05-04 03:18:36', '0000-00-00 00:00:00', 23, 4);
INSERT INTO `products` (`id`, `name`, `description`, `characteristics`, `price`, `created_at`, `updated_at`, `brands_id`, `catalogs_id`) VALUES (58, 'Iste eum consequatur non.', '', NULL, '3562.96', '1995-08-02 12:12:26', '1971-05-04 07:44:09', 26, 4);
INSERT INTO `products` (`id`, `name`, `description`, `characteristics`, `price`, `created_at`, `updated_at`, `brands_id`, `catalogs_id`) VALUES (59, 'Quia ut laboriosam.', '', NULL, '9216.00', '1977-05-03 14:25:02', '2000-09-18 19:55:18', 21, 9);
INSERT INTO `products` (`id`, `name`, `description`, `characteristics`, `price`, `created_at`, `updated_at`, `brands_id`, `catalogs_id`) VALUES (60, 'Molestias modi autem.', '', NULL, '6622.10', '2002-07-24 14:35:36', '1997-09-23 01:58:29', 13, 6);
INSERT INTO `products` (`id`, `name`, `description`, `characteristics`, `price`, `created_at`, `updated_at`, `brands_id`, `catalogs_id`) VALUES (61, 'Necessitatibus minima dolore placeat.', '', NULL, '9046.03', '1983-05-11 17:38:12', '1994-03-13 03:07:20', 29, 4);
INSERT INTO `products` (`id`, `name`, `description`, `characteristics`, `price`, `created_at`, `updated_at`, `brands_id`, `catalogs_id`) VALUES (62, 'Non temporibus asperiores earum.', 'Vel autem aut repellendus architecto illo. Qui saepe ipsa aut laudantium consectetur dolorem laudantium. Et rerum veritatis blanditiis id non iure. Voluptate illum unde minus libero omnis.', NULL, '4632.90', '1989-01-31 04:59:17', '0000-00-00 00:00:00', 9, 1);
INSERT INTO `products` (`id`, `name`, `description`, `characteristics`, `price`, `created_at`, `updated_at`, `brands_id`, `catalogs_id`) VALUES (63, 'Eius exercitationem omnis eveniet.', '', NULL, '1144.67', '2006-12-10 20:00:07', '0000-00-00 00:00:00', 7, 2);
INSERT INTO `products` (`id`, `name`, `description`, `characteristics`, `price`, `created_at`, `updated_at`, `brands_id`, `catalogs_id`) VALUES (64, 'Impedit quae asperiores.', 'Totam est enim libero ducimus aut et. Qui repudiandae laudantium aut et non eius ut est. Maxime sint soluta fuga aliquam laboriosam. Facere alias praesentium quia. Aliquid est provident laborum illo recusandae sit id.', NULL, '5946.44', '1990-07-27 07:56:34', '0000-00-00 00:00:00', 24, 10);
INSERT INTO `products` (`id`, `name`, `description`, `characteristics`, `price`, `created_at`, `updated_at`, `brands_id`, `catalogs_id`) VALUES (65, 'Omnis praesentium.', '', NULL, '3454.00', '1989-07-21 20:06:04', '2013-05-15 11:09:48', 20, 4);
INSERT INTO `products` (`id`, `name`, `description`, `characteristics`, `price`, `created_at`, `updated_at`, `brands_id`, `catalogs_id`) VALUES (66, 'Dolorem est totam.', '', NULL, '8117.23', '2011-07-10 17:32:21', '0000-00-00 00:00:00', 15, 6);
INSERT INTO `products` (`id`, `name`, `description`, `characteristics`, `price`, `created_at`, `updated_at`, `brands_id`, `catalogs_id`) VALUES (67, 'Assumenda officiis.', '', NULL, '6496.81', '1974-09-03 07:19:26', '0000-00-00 00:00:00', 24, 5);
INSERT INTO `products` (`id`, `name`, `description`, `characteristics`, `price`, `created_at`, `updated_at`, `brands_id`, `catalogs_id`) VALUES (68, 'Deleniti qui eligendi.', 'Molestias alias est ab ab dolorem expedita officia tempora. Atque consequatur doloremque nobis asperiores rerum voluptates. Veniam rerum amet sunt aliquam doloribus ut.', NULL, '9119.93', '1995-08-11 08:08:39', '2015-10-26 13:09:48', 5, 8);
INSERT INTO `products` (`id`, `name`, `description`, `characteristics`, `price`, `created_at`, `updated_at`, `brands_id`, `catalogs_id`) VALUES (69, 'Eaque ea.', '', NULL, '186.03', '1989-06-30 03:51:11', '0000-00-00 00:00:00', 16, 4);
INSERT INTO `products` (`id`, `name`, `description`, `characteristics`, `price`, `created_at`, `updated_at`, `brands_id`, `catalogs_id`) VALUES (70, 'Ut nulla et sed.', '', NULL, '7187.65', '2003-12-26 04:46:05', '0000-00-00 00:00:00', 4, 2);
INSERT INTO `products` (`id`, `name`, `description`, `characteristics`, `price`, `created_at`, `updated_at`, `brands_id`, `catalogs_id`) VALUES (71, 'Doloremque consequuntur et.', '', NULL, '5664.90', '2019-08-22 19:35:26', '1971-12-29 14:14:17', 28, 6);
INSERT INTO `products` (`id`, `name`, `description`, `characteristics`, `price`, `created_at`, `updated_at`, `brands_id`, `catalogs_id`) VALUES (72, 'Ullam voluptatem ducimus quia autem.', 'Necessitatibus eos maiores voluptatem. Recusandae placeat et culpa reiciendis dolores. Modi delectus mollitia quo illum incidunt ipsum est.', NULL, '5640.88', '2010-08-23 13:44:01', '0000-00-00 00:00:00', 5, 7);
INSERT INTO `products` (`id`, `name`, `description`, `characteristics`, `price`, `created_at`, `updated_at`, `brands_id`, `catalogs_id`) VALUES (73, 'Commodi at omnis omnis.', 'Modi libero amet voluptatibus quae deleniti explicabo non. Aliquid quia est laborum vel. Eum dolorum ut consequatur voluptas autem delectus.', NULL, '5204.19', '1999-06-22 18:46:12', '0000-00-00 00:00:00', 27, 10);
INSERT INTO `products` (`id`, `name`, `description`, `characteristics`, `price`, `created_at`, `updated_at`, `brands_id`, `catalogs_id`) VALUES (74, 'Sed vel dolorum molestiae.', '', NULL, '5594.59', '1976-06-09 15:25:44', '1977-05-07 15:54:33', 1, 6);
INSERT INTO `products` (`id`, `name`, `description`, `characteristics`, `price`, `created_at`, `updated_at`, `brands_id`, `catalogs_id`) VALUES (75, 'Sit et animi quis.', '', NULL, '8615.56', '2014-03-01 20:26:30', '0000-00-00 00:00:00', 25, 5);
INSERT INTO `products` (`id`, `name`, `description`, `characteristics`, `price`, `created_at`, `updated_at`, `brands_id`, `catalogs_id`) VALUES (76, 'Quia eius quia.', 'Est totam laborum reprehenderit repellat deleniti voluptate id officiis. Nemo recusandae quas architecto voluptatibus omnis. Autem id rerum deleniti et sit aut occaecati.', NULL, '8210.00', '1996-08-27 14:23:21', '2007-05-12 09:51:49', 3, 8);
INSERT INTO `products` (`id`, `name`, `description`, `characteristics`, `price`, `created_at`, `updated_at`, `brands_id`, `catalogs_id`) VALUES (77, 'Et molestiae dolore.', '', NULL, '9628.00', '1989-07-20 02:05:49', '0000-00-00 00:00:00', 24, 4);
INSERT INTO `products` (`id`, `name`, `description`, `characteristics`, `price`, `created_at`, `updated_at`, `brands_id`, `catalogs_id`) VALUES (78, 'Repellendus molestiae ut.', '', NULL, '6896.81', '1986-10-27 04:39:12', '1972-12-22 21:16:04', 26, 10);
INSERT INTO `products` (`id`, `name`, `description`, `characteristics`, `price`, `created_at`, `updated_at`, `brands_id`, `catalogs_id`) VALUES (79, 'Et debitis velit.', 'Odio qui labore dolor doloribus quisquam fugiat laborum. Occaecati repellat ratione ut eligendi impedit est. Eius ipsa tenetur ut consequatur dolor repudiandae accusamus debitis. Voluptatibus et iste temporibus commodi cupiditate in cupiditate. Nihil sint tempore est occaecati pariatur.', NULL, '9759.40', '2011-10-06 14:05:48', '0000-00-00 00:00:00', 15, 7);
INSERT INTO `products` (`id`, `name`, `description`, `characteristics`, `price`, `created_at`, `updated_at`, `brands_id`, `catalogs_id`) VALUES (80, 'Dicta blanditiis et sed ex.', '', NULL, '2215.95', '1979-05-24 10:21:38', '0000-00-00 00:00:00', 30, 2);
INSERT INTO `products` (`id`, `name`, `description`, `characteristics`, `price`, `created_at`, `updated_at`, `brands_id`, `catalogs_id`) VALUES (81, 'Quam velit.', '', NULL, '5396.65', '1987-12-14 14:46:59', '0000-00-00 00:00:00', 30, 5);
INSERT INTO `products` (`id`, `name`, `description`, `characteristics`, `price`, `created_at`, `updated_at`, `brands_id`, `catalogs_id`) VALUES (82, 'Et magnam ex vitae.', 'Molestiae ea aut quia id a cupiditate. Impedit eligendi molestias consequatur recusandae explicabo. Voluptatum ea possimus atque expedita. Et odit consequuntur tempore. Animi eveniet vel autem vero et.', NULL, '8280.00', '1976-12-06 10:07:09', '0000-00-00 00:00:00', 20, 8);
INSERT INTO `products` (`id`, `name`, `description`, `characteristics`, `price`, `created_at`, `updated_at`, `brands_id`, `catalogs_id`) VALUES (83, 'Earum et consequatur alias ipsum.', '', NULL, '5313.23', '2002-11-10 11:02:11', '1985-06-14 12:46:40', 28, 8);
INSERT INTO `products` (`id`, `name`, `description`, `characteristics`, `price`, `created_at`, `updated_at`, `brands_id`, `catalogs_id`) VALUES (84, 'Aut et eligendi.', '', NULL, '4221.64', '2001-11-28 16:42:18', '0000-00-00 00:00:00', 18, 5);
INSERT INTO `products` (`id`, `name`, `description`, `characteristics`, `price`, `created_at`, `updated_at`, `brands_id`, `catalogs_id`) VALUES (85, 'Quas rerum esse voluptas.', '', NULL, '5382.06', '1970-02-15 08:51:48', '1986-08-19 19:52:45', 5, 8);
INSERT INTO `products` (`id`, `name`, `description`, `characteristics`, `price`, `created_at`, `updated_at`, `brands_id`, `catalogs_id`) VALUES (86, 'Voluptatem veritatis et.', 'Aliquid earum provident deleniti quia veniam rerum. Earum tempora eos veniam dignissimos. Omnis eligendi officiis molestiae molestiae.', NULL, '8637.19', '1999-05-05 17:02:13', '0000-00-00 00:00:00', 19, 1);
INSERT INTO `products` (`id`, `name`, `description`, `characteristics`, `price`, `created_at`, `updated_at`, `brands_id`, `catalogs_id`) VALUES (87, 'Et et id.', '', NULL, '2343.36', '1978-04-08 13:41:01', '1986-05-02 03:07:23', 8, 8);
INSERT INTO `products` (`id`, `name`, `description`, `characteristics`, `price`, `created_at`, `updated_at`, `brands_id`, `catalogs_id`) VALUES (88, 'Odio sit est maxime.', '', NULL, '2448.24', '2007-03-29 18:19:59', '0000-00-00 00:00:00', 23, 2);
INSERT INTO `products` (`id`, `name`, `description`, `characteristics`, `price`, `created_at`, `updated_at`, `brands_id`, `catalogs_id`) VALUES (89, 'Officia aliquid est tenetur.', '', NULL, '854.53', '2020-04-27 11:29:11', '2017-06-03 10:53:52', 22, 8);
INSERT INTO `products` (`id`, `name`, `description`, `characteristics`, `price`, `created_at`, `updated_at`, `brands_id`, `catalogs_id`) VALUES (90, 'Et consequatur quod veritatis.', '', NULL, '9043.92', '1993-08-13 21:36:40', '1979-06-19 14:42:56', 22, 6);
INSERT INTO `products` (`id`, `name`, `description`, `characteristics`, `price`, `created_at`, `updated_at`, `brands_id`, `catalogs_id`) VALUES (91, 'Ex et et ut.', '', NULL, '5370.40', '1985-03-19 20:16:57', '0000-00-00 00:00:00', 6, 8);
INSERT INTO `products` (`id`, `name`, `description`, `characteristics`, `price`, `created_at`, `updated_at`, `brands_id`, `catalogs_id`) VALUES (92, 'Laborum a.', '', NULL, '850.10', '1985-03-23 05:19:38', '2016-04-29 12:10:54', 10, 10);
INSERT INTO `products` (`id`, `name`, `description`, `characteristics`, `price`, `created_at`, `updated_at`, `brands_id`, `catalogs_id`) VALUES (93, 'Et eius saepe debitis.', '', NULL, '4587.49', '1991-04-08 10:08:27', '0000-00-00 00:00:00', 4, 2);
INSERT INTO `products` (`id`, `name`, `description`, `characteristics`, `price`, `created_at`, `updated_at`, `brands_id`, `catalogs_id`) VALUES (94, 'Corporis minima autem.', 'Incidunt ab repellendus et. Accusamus odit quam expedita cum animi qui. Et soluta totam sit omnis.', NULL, '9097.66', '2008-04-18 07:42:05', '0000-00-00 00:00:00', 29, 7);
INSERT INTO `products` (`id`, `name`, `description`, `characteristics`, `price`, `created_at`, `updated_at`, `brands_id`, `catalogs_id`) VALUES (95, 'Omnis facere quos voluptatum.', 'Voluptatem illo architecto molestiae voluptatem. Et neque velit eos fugiat delectus minima. Ratione qui provident vero illo consequatur repellendus. Voluptas minus iure dolor esse.', NULL, '1389.00', '1985-05-24 12:22:42', '0000-00-00 00:00:00', 24, 10);
INSERT INTO `products` (`id`, `name`, `description`, `characteristics`, `price`, `created_at`, `updated_at`, `brands_id`, `catalogs_id`) VALUES (96, 'Sint quod esse eos.', '', NULL, '5109.75', '1976-05-29 21:50:41', '0000-00-00 00:00:00', 23, 8);
INSERT INTO `products` (`id`, `name`, `description`, `characteristics`, `price`, `created_at`, `updated_at`, `brands_id`, `catalogs_id`) VALUES (97, 'Consequatur et non.', 'Earum dolor dolorum odit temporibus omnis iste magni. Rerum doloribus voluptas quas error ea. Voluptatum rerum tempora alias. Aut nulla nostrum quia repudiandae.', NULL, '2887.90', '1999-11-15 17:15:03', '0000-00-00 00:00:00', 13, 4);
INSERT INTO `products` (`id`, `name`, `description`, `characteristics`, `price`, `created_at`, `updated_at`, `brands_id`, `catalogs_id`) VALUES (98, 'Est hic atque.', 'Quis sapiente et dolor eligendi. Recusandae unde non quibusdam doloribus rerum qui accusantium. Qui recusandae repellendus dignissimos qui ut ut iste. Alias accusantium vero id.', NULL, '7602.00', '1986-05-05 04:05:36', '0000-00-00 00:00:00', 17, 4);
INSERT INTO `products` (`id`, `name`, `description`, `characteristics`, `price`, `created_at`, `updated_at`, `brands_id`, `catalogs_id`) VALUES (99, 'Tempora cumque.', 'Fugiat ducimus alias et. Velit consequatur in aut est. Nulla mollitia est aliquam placeat deleniti. Voluptas est tenetur non eum amet exercitationem.', NULL, '5852.86', '2018-07-04 03:10:03', '1994-09-10 21:09:23', 6, 2);
INSERT INTO `products` (`id`, `name`, `description`, `characteristics`, `price`, `created_at`, `updated_at`, `brands_id`, `catalogs_id`) VALUES (100, 'Earum et aut molestiae.', 'Est assumenda nobis aut illum nihil placeat quia. Natus et rerum doloremque qui ullam. Rerum quis voluptatum tenetur aut dolore. Blanditiis aut molestiae suscipit quaerat cum.', NULL, '6627.00', '1986-09-12 21:17:27', '0000-00-00 00:00:00', 24, 4);
INSERT INTO `products` (`id`, `name`, `description`, `characteristics`, `price`, `created_at`, `updated_at`, `brands_id`, `catalogs_id`) VALUES (101, 'Dolorum magni.', '', NULL, '9798.00', '2016-09-07 00:49:15', '2020-11-02 05:15:14', 25, 4);
INSERT INTO `products` (`id`, `name`, `description`, `characteristics`, `price`, `created_at`, `updated_at`, `brands_id`, `catalogs_id`) VALUES (102, 'Quod omnis rerum.', 'Sed quis ut qui nesciunt at non. Dolorem assumenda fugiat nisi reprehenderit omnis. Magni temporibus ad architecto repudiandae delectus vitae accusamus qui. Quidem natus dolor pariatur illo id omnis. Ea doloremque culpa culpa dolore aperiam ea.', NULL, '7486.67', '1991-01-21 17:36:51', '0000-00-00 00:00:00', 12, 1);
INSERT INTO `products` (`id`, `name`, `description`, `characteristics`, `price`, `created_at`, `updated_at`, `brands_id`, `catalogs_id`) VALUES (103, 'Sit et vel numquam.', 'Deleniti quis fugiat voluptatem ut. Voluptas inventore et similique labore tenetur ad. Iure vel sequi ab eaque recusandae autem. Earum nesciunt necessitatibus veritatis perspiciatis eius iste est.', NULL, '7524.93', '2010-07-08 06:35:47', '0000-00-00 00:00:00', 4, 2);
INSERT INTO `products` (`id`, `name`, `description`, `characteristics`, `price`, `created_at`, `updated_at`, `brands_id`, `catalogs_id`) VALUES (104, 'Excepturi quam qui deleniti.', '', NULL, '2815.88', '1989-04-28 11:45:54', '1970-09-23 22:27:59', 7, 9);
INSERT INTO `products` (`id`, `name`, `description`, `characteristics`, `price`, `created_at`, `updated_at`, `brands_id`, `catalogs_id`) VALUES (105, 'Est enim quos.', '', NULL, '412.38', '1980-04-06 14:46:20', '1982-11-24 18:13:57', 27, 10);
INSERT INTO `products` (`id`, `name`, `description`, `characteristics`, `price`, `created_at`, `updated_at`, `brands_id`, `catalogs_id`) VALUES (106, 'Rerum sint non.', '', NULL, '8690.89', '1988-12-02 05:22:17', '2020-11-15 05:48:55', 12, 1);
INSERT INTO `products` (`id`, `name`, `description`, `characteristics`, `price`, `created_at`, `updated_at`, `brands_id`, `catalogs_id`) VALUES (107, 'Molestias et vel incidunt.', '', NULL, '1924.34', '2008-02-27 18:17:54', '0000-00-00 00:00:00', 21, 8);
INSERT INTO `products` (`id`, `name`, `description`, `characteristics`, `price`, `created_at`, `updated_at`, `brands_id`, `catalogs_id`) VALUES (108, 'Accusamus quisquam ut quisquam.', '', NULL, '5919.60', '1996-08-25 14:30:33', '1998-06-21 00:38:16', 1, 9);
INSERT INTO `products` (`id`, `name`, `description`, `characteristics`, `price`, `created_at`, `updated_at`, `brands_id`, `catalogs_id`) VALUES (109, 'Id dicta sed voluptas et.', '', NULL, '7381.32', '1979-04-26 08:22:42', '0000-00-00 00:00:00', 26, 10);
INSERT INTO `products` (`id`, `name`, `description`, `characteristics`, `price`, `created_at`, `updated_at`, `brands_id`, `catalogs_id`) VALUES (110, 'Reprehenderit vero quis.', 'Dolorum velit enim voluptates praesentium odio nesciunt. Id pariatur commodi similique qui. Odit ab ut iste ut quas ab. Aut perspiciatis illo consequatur.', NULL, '6208.63', '2000-03-05 15:50:28', '0000-00-00 00:00:00', 13, 7);
INSERT INTO `products` (`id`, `name`, `description`, `characteristics`, `price`, `created_at`, `updated_at`, `brands_id`, `catalogs_id`) VALUES (111, 'Non sit aut autem.', '', NULL, '16.13', '2010-07-25 05:41:36', '0000-00-00 00:00:00', 28, 2);
INSERT INTO `products` (`id`, `name`, `description`, `characteristics`, `price`, `created_at`, `updated_at`, `brands_id`, `catalogs_id`) VALUES (112, 'Architecto facilis aut.', 'Officiis ut aperiam minima cumque. Ea hic praesentium molestias rerum a. Accusantium est debitis consequatur eum eveniet impedit.', NULL, '3101.85', '2011-01-20 08:33:10', '0000-00-00 00:00:00', 12, 4);
INSERT INTO `products` (`id`, `name`, `description`, `characteristics`, `price`, `created_at`, `updated_at`, `brands_id`, `catalogs_id`) VALUES (113, 'Nihil nam deleniti sequi.', 'Non eaque necessitatibus voluptatum ipsum vel. Placeat qui hic consequatur odio est ducimus dolores minus. Nulla vel facilis labore omnis voluptatem.', NULL, '7649.80', '2012-09-29 12:08:29', '0000-00-00 00:00:00', 17, 10);
INSERT INTO `products` (`id`, `name`, `description`, `characteristics`, `price`, `created_at`, `updated_at`, `brands_id`, `catalogs_id`) VALUES (114, 'Aspernatur libero voluptas quos.', '', NULL, '7980.99', '1997-10-03 22:16:45', '1985-09-21 07:04:53', 21, 8);
INSERT INTO `products` (`id`, `name`, `description`, `characteristics`, `price`, `created_at`, `updated_at`, `brands_id`, `catalogs_id`) VALUES (115, 'Alias reprehenderit qui.', 'Id culpa iusto expedita exercitationem nisi consectetur. Odio numquam voluptatum dolores deserunt aut. Consequatur sit aut provident quo.', NULL, '371.00', '1998-12-19 14:29:50', '2012-08-04 22:39:46', 1, 5);
INSERT INTO `products` (`id`, `name`, `description`, `characteristics`, `price`, `created_at`, `updated_at`, `brands_id`, `catalogs_id`) VALUES (116, 'Consequatur fugiat fugit.', 'Provident facere et neque ducimus. Maiores incidunt cum voluptate iste. Placeat repellat saepe sed quo esse totam beatae. Totam qui omnis voluptas qui quibusdam placeat ducimus tempora.', NULL, '9842.82', '1993-09-25 05:36:16', '2017-12-31 11:48:36', 2, 9);
INSERT INTO `products` (`id`, `name`, `description`, `characteristics`, `price`, `created_at`, `updated_at`, `brands_id`, `catalogs_id`) VALUES (117, 'Libero numquam ut eos.', 'Et blanditiis assumenda eaque ut officiis. Perspiciatis cupiditate ut et. Aperiam provident sunt autem voluptatem a.', NULL, '1154.30', '1976-12-30 00:45:08', '0000-00-00 00:00:00', 26, 5);
INSERT INTO `products` (`id`, `name`, `description`, `characteristics`, `price`, `created_at`, `updated_at`, `brands_id`, `catalogs_id`) VALUES (118, 'Sunt omnis aut vel.', 'Similique officiis ratione et ipsum qui delectus. Sapiente quasi aut voluptas quis numquam iure consequatur. Dolores laboriosam sapiente velit distinctio enim. Quisquam dolorem enim soluta nihil nisi molestiae molestiae. Eum fugit hic soluta.', NULL, '928.09', '1996-01-12 22:19:04', '1989-12-18 00:44:21', 27, 10);
INSERT INTO `products` (`id`, `name`, `description`, `characteristics`, `price`, `created_at`, `updated_at`, `brands_id`, `catalogs_id`) VALUES (119, 'Qui qui voluptatum omnis.', 'Quis dolorem blanditiis beatae officiis et. Esse ut vitae fugit velit ut et. Enim quis doloremque optio. Et adipisci mollitia voluptates accusamus blanditiis molestiae.', NULL, '7616.00', '2007-10-10 08:56:17', '0000-00-00 00:00:00', 18, 1);
INSERT INTO `products` (`id`, `name`, `description`, `characteristics`, `price`, `created_at`, `updated_at`, `brands_id`, `catalogs_id`) VALUES (120, 'Voluptas dolore recusandae nam quia.', 'Praesentium veniam nulla nulla perferendis voluptatibus quia. Est quia repudiandae rerum sint quia architecto. Dolorum ducimus reiciendis dicta iure. Eum qui et laudantium voluptatem sapiente alias perferendis.', NULL, '2377.96', '1997-02-02 08:13:17', '1989-09-23 22:22:47', 25, 5);
INSERT INTO `products` (`id`, `name`, `description`, `characteristics`, `price`, `created_at`, `updated_at`, `brands_id`, `catalogs_id`) VALUES (121, 'Eligendi cupiditate repellat non.', 'Ut consequatur error beatae rerum omnis. Laborum aliquam nam molestiae temporibus adipisci. Quibusdam possimus enim asperiores eveniet impedit harum. Accusantium veniam dolores ullam ut. Quaerat deserunt corporis debitis ipsum optio.', NULL, '4315.49', '2000-08-07 12:04:21', '0000-00-00 00:00:00', 1, 2);
INSERT INTO `products` (`id`, `name`, `description`, `characteristics`, `price`, `created_at`, `updated_at`, `brands_id`, `catalogs_id`) VALUES (122, 'Molestiae numquam beatae.', 'Neque debitis aliquam ex aut culpa eligendi aliquid. Ad ipsa adipisci iure consequatur. Accusamus ab enim et non explicabo.', NULL, '7122.10', '1970-09-20 18:50:54', '0000-00-00 00:00:00', 16, 7);
INSERT INTO `products` (`id`, `name`, `description`, `characteristics`, `price`, `created_at`, `updated_at`, `brands_id`, `catalogs_id`) VALUES (123, 'Alias quaerat saepe.', 'Voluptatem earum facere corrupti magnam eum. Voluptas ea corporis omnis in. Optio et corrupti sed voluptate dolor dolorem.', NULL, '672.04', '1977-10-27 16:56:27', '0000-00-00 00:00:00', 27, 6);
INSERT INTO `products` (`id`, `name`, `description`, `characteristics`, `price`, `created_at`, `updated_at`, `brands_id`, `catalogs_id`) VALUES (124, 'Eaque sunt quia dolor.', 'Iste culpa est eius voluptatibus molestiae enim sed voluptatum. Deleniti voluptas recusandae accusantium excepturi delectus nihil libero. Voluptates molestiae eaque consectetur. A ea enim quos sed dolorum.', NULL, '5045.01', '2008-09-30 15:00:43', '2010-12-18 13:47:56', 16, 8);
INSERT INTO `products` (`id`, `name`, `description`, `characteristics`, `price`, `created_at`, `updated_at`, `brands_id`, `catalogs_id`) VALUES (125, 'Earum aut sunt.', '', NULL, '7568.10', '1994-12-20 03:59:34', '1974-01-11 09:39:14', 16, 10);
INSERT INTO `products` (`id`, `name`, `description`, `characteristics`, `price`, `created_at`, `updated_at`, `brands_id`, `catalogs_id`) VALUES (126, 'Itaque nostrum error nihil in.', 'Cupiditate sint adipisci aut voluptatem. Qui aliquid perferendis laboriosam iusto explicabo. Nulla libero est earum qui sunt voluptatibus ea. Neque pariatur et at rerum. Repellat voluptates eveniet quod ut id eos.', NULL, '2125.80', '2014-03-18 05:05:19', '0000-00-00 00:00:00', 12, 5);
INSERT INTO `products` (`id`, `name`, `description`, `characteristics`, `price`, `created_at`, `updated_at`, `brands_id`, `catalogs_id`) VALUES (127, 'Numquam odio commodi.', 'Placeat rerum aut quos dolor aut. Error culpa dolores et et voluptas ipsum labore. Libero fuga labore molestiae sed.', NULL, '4136.53', '2003-02-12 21:47:15', '1983-04-07 22:34:51', 4, 8);
INSERT INTO `products` (`id`, `name`, `description`, `characteristics`, `price`, `created_at`, `updated_at`, `brands_id`, `catalogs_id`) VALUES (128, 'Et in dolorem impedit.', '', NULL, '8678.00', '1999-11-16 15:03:44', '1980-10-16 08:47:18', 23, 7);
INSERT INTO `products` (`id`, `name`, `description`, `characteristics`, `price`, `created_at`, `updated_at`, `brands_id`, `catalogs_id`) VALUES (129, 'Non quas iure qui esse.', 'Quibusdam nihil qui deserunt quia quis. Dolores saepe non ut aut assumenda assumenda est. Officiis a saepe impedit nihil omnis earum.', NULL, '4847.52', '1971-08-08 15:20:12', '1985-10-06 23:21:55', 21, 5);
INSERT INTO `products` (`id`, `name`, `description`, `characteristics`, `price`, `created_at`, `updated_at`, `brands_id`, `catalogs_id`) VALUES (130, 'Mollitia est distinctio consequatur.', '', NULL, '971.37', '2007-12-19 04:12:14', '1977-10-24 02:39:54', 12, 8);
INSERT INTO `products` (`id`, `name`, `description`, `characteristics`, `price`, `created_at`, `updated_at`, `brands_id`, `catalogs_id`) VALUES (131, 'Debitis ut blanditiis amet.', '', NULL, '8228.20', '1979-05-23 22:31:51', '0000-00-00 00:00:00', 27, 5);
INSERT INTO `products` (`id`, `name`, `description`, `characteristics`, `price`, `created_at`, `updated_at`, `brands_id`, `catalogs_id`) VALUES (132, 'Quo aut autem officia quam.', '', NULL, '3499.90', '1973-08-09 22:06:02', '2014-06-18 23:08:48', 17, 8);
INSERT INTO `products` (`id`, `name`, `description`, `characteristics`, `price`, `created_at`, `updated_at`, `brands_id`, `catalogs_id`) VALUES (133, 'Ut officia.', '', NULL, '6131.41', '1982-05-27 15:43:14', '1984-09-14 02:31:51', 27, 5);
INSERT INTO `products` (`id`, `name`, `description`, `characteristics`, `price`, `created_at`, `updated_at`, `brands_id`, `catalogs_id`) VALUES (134, 'Nam quod architecto.', 'Nobis sapiente nihil dolore. Quia suscipit id quis mollitia id. Nobis aut quia quia ad ut voluptates. Quis rerum sequi quo nemo sint vitae et error.', NULL, '2194.49', '2006-01-19 04:13:28', '2004-09-06 12:26:11', 21, 5);
INSERT INTO `products` (`id`, `name`, `description`, `characteristics`, `price`, `created_at`, `updated_at`, `brands_id`, `catalogs_id`) VALUES (135, 'Est sunt perspiciatis.', '', NULL, '5260.34', '1987-11-14 05:38:56', '0000-00-00 00:00:00', 17, 5);
INSERT INTO `products` (`id`, `name`, `description`, `characteristics`, `price`, `created_at`, `updated_at`, `brands_id`, `catalogs_id`) VALUES (136, 'Optio ut maiores esse inventore.', '', NULL, '222.22', '1987-09-07 23:21:57', '0000-00-00 00:00:00', 29, 6);
INSERT INTO `products` (`id`, `name`, `description`, `characteristics`, `price`, `created_at`, `updated_at`, `brands_id`, `catalogs_id`) VALUES (137, 'Saepe sed est.', 'Ea nemo aut eaque quo. Inventore ut qui et animi neque quaerat repellendus nesciunt. Eaque veritatis maxime repudiandae provident eaque quod. Nostrum sed deserunt reprehenderit distinctio necessitatibus labore ex animi.', NULL, '1651.00', '2003-03-25 06:54:33', '0000-00-00 00:00:00', 21, 5);
INSERT INTO `products` (`id`, `name`, `description`, `characteristics`, `price`, `created_at`, `updated_at`, `brands_id`, `catalogs_id`) VALUES (138, 'Eum quis enim sunt.', '', NULL, '1979.58', '1995-10-04 08:32:39', '2004-12-10 10:50:43', 8, 6);
INSERT INTO `products` (`id`, `name`, `description`, `characteristics`, `price`, `created_at`, `updated_at`, `brands_id`, `catalogs_id`) VALUES (139, 'Enim ratione eos.', 'Corporis consequuntur molestiae nemo nostrum dolorum enim eos. Alias exercitationem rerum perferendis sit inventore vero. In laboriosam eum hic ea incidunt.', NULL, '4506.03', '1999-12-09 20:23:05', '2010-11-29 09:32:42', 1, 8);
INSERT INTO `products` (`id`, `name`, `description`, `characteristics`, `price`, `created_at`, `updated_at`, `brands_id`, `catalogs_id`) VALUES (140, 'Nemo odit.', 'Consectetur dignissimos est totam maiores rerum. Consequatur odio illo deserunt aliquam corporis impedit. Ut modi ex repellat rerum voluptatum sint architecto. Iusto velit consequatur nihil cum exercitationem sed eum. Qui iure cupiditate quis aut quibusdam.', NULL, '948.90', '1992-12-25 01:44:41', '0000-00-00 00:00:00', 11, 6);
INSERT INTO `products` (`id`, `name`, `description`, `characteristics`, `price`, `created_at`, `updated_at`, `brands_id`, `catalogs_id`) VALUES (141, 'Quasi qui doloremque ut.', 'Vel ut ipsam dicta enim non molestiae est. Quia illum optio necessitatibus. Libero earum dolores voluptatem nesciunt provident itaque pariatur. Nisi consequuntur occaecati aliquam minus aut.', NULL, '1818.83', '1984-04-22 04:50:42', '2000-10-08 17:04:46', 22, 8);
INSERT INTO `products` (`id`, `name`, `description`, `characteristics`, `price`, `created_at`, `updated_at`, `brands_id`, `catalogs_id`) VALUES (142, 'Eligendi quia aut quidem.', '', NULL, '5267.00', '2007-05-24 23:22:04', '0000-00-00 00:00:00', 29, 9);
INSERT INTO `products` (`id`, `name`, `description`, `characteristics`, `price`, `created_at`, `updated_at`, `brands_id`, `catalogs_id`) VALUES (143, 'Ut nobis sint.', '', NULL, '1475.31', '2010-07-08 21:20:35', '0000-00-00 00:00:00', 15, 8);
INSERT INTO `products` (`id`, `name`, `description`, `characteristics`, `price`, `created_at`, `updated_at`, `brands_id`, `catalogs_id`) VALUES (144, 'Rerum nam sint repellendus.', '', NULL, '3349.50', '2005-03-17 16:39:47', '0000-00-00 00:00:00', 15, 2);
INSERT INTO `products` (`id`, `name`, `description`, `characteristics`, `price`, `created_at`, `updated_at`, `brands_id`, `catalogs_id`) VALUES (145, 'Voluptatem voluptatem unde atque.', '', NULL, '1012.43', '2011-02-03 22:40:14', '0000-00-00 00:00:00', 5, 9);
INSERT INTO `products` (`id`, `name`, `description`, `characteristics`, `price`, `created_at`, `updated_at`, `brands_id`, `catalogs_id`) VALUES (146, 'Minima dolore.', '', NULL, '3165.29', '1976-10-20 10:03:38', '0000-00-00 00:00:00', 28, 1);
INSERT INTO `products` (`id`, `name`, `description`, `characteristics`, `price`, `created_at`, `updated_at`, `brands_id`, `catalogs_id`) VALUES (147, 'Porro eligendi blanditiis nam.', '', NULL, '4661.50', '1974-10-05 22:14:06', '1970-06-22 02:55:33', 11, 5);
INSERT INTO `products` (`id`, `name`, `description`, `characteristics`, `price`, `created_at`, `updated_at`, `brands_id`, `catalogs_id`) VALUES (148, 'Voluptatem accusamus at.', 'Non nobis repellendus reiciendis et non ipsa ullam. Voluptates ducimus sint quos aut aut. Sed inventore aut voluptates sunt dolorum voluptatum delectus.', NULL, '3984.16', '2008-08-12 23:01:56', '0000-00-00 00:00:00', 23, 3);
INSERT INTO `products` (`id`, `name`, `description`, `characteristics`, `price`, `created_at`, `updated_at`, `brands_id`, `catalogs_id`) VALUES (149, 'Aut vel rerum.', '', NULL, '778.78', '1978-01-12 19:28:13', '0000-00-00 00:00:00', 28, 5);
INSERT INTO `products` (`id`, `name`, `description`, `characteristics`, `price`, `created_at`, `updated_at`, `brands_id`, `catalogs_id`) VALUES (150, 'Et dolores ut facilis deserunt.', '', NULL, '934.60', '2018-06-30 03:44:24', '2005-11-01 19:12:45', 22, 5);
INSERT INTO `products` (`id`, `name`, `description`, `characteristics`, `price`, `created_at`, `updated_at`, `brands_id`, `catalogs_id`) VALUES (151, 'Et ut natus minima.', '', NULL, '52.00', '2006-06-25 00:28:02', '0000-00-00 00:00:00', 28, 7);
INSERT INTO `products` (`id`, `name`, `description`, `characteristics`, `price`, `created_at`, `updated_at`, `brands_id`, `catalogs_id`) VALUES (152, 'Architecto rerum magnam exercitationem et.', '', NULL, '6439.37', '2013-05-08 14:34:49', '0000-00-00 00:00:00', 1, 6);
INSERT INTO `products` (`id`, `name`, `description`, `characteristics`, `price`, `created_at`, `updated_at`, `brands_id`, `catalogs_id`) VALUES (153, 'Eius enim maxime consequatur.', 'Vel officia neque libero et ea. Dolorem harum facilis debitis.', NULL, '54.43', '2002-01-24 10:29:14', '1979-02-28 07:44:16', 4, 3);
INSERT INTO `products` (`id`, `name`, `description`, `characteristics`, `price`, `created_at`, `updated_at`, `brands_id`, `catalogs_id`) VALUES (154, 'Aut non nulla.', '', NULL, '4097.19', '1991-05-21 09:28:59', '2021-02-16 19:23:59', 6, 2);
INSERT INTO `products` (`id`, `name`, `description`, `characteristics`, `price`, `created_at`, `updated_at`, `brands_id`, `catalogs_id`) VALUES (155, 'Qui accusantium aut doloremque omnis.', 'Modi dolorum enim in quisquam enim fugiat ipsa qui. Nesciunt et qui ea. Ut quia deleniti eos soluta doloremque voluptatem. Quo rem perferendis omnis sint doloribus ut.', NULL, '2612.39', '1973-04-27 20:53:48', '1980-12-20 00:29:41', 1, 6);
INSERT INTO `products` (`id`, `name`, `description`, `characteristics`, `price`, `created_at`, `updated_at`, `brands_id`, `catalogs_id`) VALUES (156, 'Facilis iusto vitae culpa nostrum.', '', NULL, '2686.31', '1973-04-03 21:56:04', '1979-06-26 11:27:21', 20, 8);
INSERT INTO `products` (`id`, `name`, `description`, `characteristics`, `price`, `created_at`, `updated_at`, `brands_id`, `catalogs_id`) VALUES (157, 'Maiores labore tempora velit.', 'Assumenda explicabo deleniti officia at necessitatibus error illum. Rerum sunt aliquam minus amet itaque voluptatem placeat molestiae. Consequatur temporibus necessitatibus animi maiores quasi numquam totam. Incidunt esse est veniam laborum velit delectus.', NULL, '5946.94', '1989-07-03 17:20:45', '0000-00-00 00:00:00', 7, 7);
INSERT INTO `products` (`id`, `name`, `description`, `characteristics`, `price`, `created_at`, `updated_at`, `brands_id`, `catalogs_id`) VALUES (158, 'Ut quia voluptas.', 'Et necessitatibus ipsum qui aspernatur et recusandae. Iste nobis incidunt autem architecto amet numquam nihil. Atque est autem sapiente aliquam officiis. At recusandae laborum et tempore ea distinctio nostrum. Ipsa tenetur sint saepe.', NULL, '3701.48', '2012-01-19 20:39:34', '1997-11-10 17:35:17', 17, 8);
INSERT INTO `products` (`id`, `name`, `description`, `characteristics`, `price`, `created_at`, `updated_at`, `brands_id`, `catalogs_id`) VALUES (159, 'Quod repudiandae consequuntur pariatur.', 'Placeat maxime sit voluptatem hic id aut. Aut sed rerum quo et at consequatur et. Sunt et reprehenderit iste qui voluptatum.', NULL, '7547.03', '1994-03-13 11:50:50', '0000-00-00 00:00:00', 10, 1);
INSERT INTO `products` (`id`, `name`, `description`, `characteristics`, `price`, `created_at`, `updated_at`, `brands_id`, `catalogs_id`) VALUES (160, 'Sed quisquam eum reiciendis.', 'Eos repellendus id autem officiis architecto. Excepturi magnam modi possimus esse vel et impedit. In et quasi cupiditate iusto eaque excepturi.', NULL, '8838.59', '1995-02-18 09:31:43', '0000-00-00 00:00:00', 28, 5);
INSERT INTO `products` (`id`, `name`, `description`, `characteristics`, `price`, `created_at`, `updated_at`, `brands_id`, `catalogs_id`) VALUES (161, 'Accusantium rerum veniam excepturi.', '', NULL, '4053.68', '2003-04-25 08:54:36', '1992-10-31 23:09:23', 29, 9);
INSERT INTO `products` (`id`, `name`, `description`, `characteristics`, `price`, `created_at`, `updated_at`, `brands_id`, `catalogs_id`) VALUES (162, 'Non est quae nulla.', '', NULL, '1621.07', '2010-10-25 02:44:31', '1975-09-28 13:43:26', 16, 3);
INSERT INTO `products` (`id`, `name`, `description`, `characteristics`, `price`, `created_at`, `updated_at`, `brands_id`, `catalogs_id`) VALUES (163, 'Aut sed pariatur.', 'Officia atque fugit temporibus soluta distinctio consequatur. Ut iste et aut error provident consequuntur. Dolorum sed enim aut tempora et at. Minus eius quis autem dignissimos consequatur eum facilis aut.', NULL, '1978.22', '1988-12-02 03:54:07', '0000-00-00 00:00:00', 8, 3);
INSERT INTO `products` (`id`, `name`, `description`, `characteristics`, `price`, `created_at`, `updated_at`, `brands_id`, `catalogs_id`) VALUES (164, 'Natus vel assumenda eos.', 'Minus consequatur molestiae qui dolorem et delectus. Officiis laborum eveniet repellat molestiae aut harum illum. Omnis dolorem porro soluta est ad.', NULL, '9260.81', '1997-01-25 03:29:39', '0000-00-00 00:00:00', 16, 2);
INSERT INTO `products` (`id`, `name`, `description`, `characteristics`, `price`, `created_at`, `updated_at`, `brands_id`, `catalogs_id`) VALUES (165, 'Aperiam qui rerum rerum.', '', NULL, '8156.48', '2008-09-26 07:01:37', '0000-00-00 00:00:00', 22, 3);
INSERT INTO `products` (`id`, `name`, `description`, `characteristics`, `price`, `created_at`, `updated_at`, `brands_id`, `catalogs_id`) VALUES (166, 'Officiis est nemo aut.', 'Occaecati et sed sint tempore libero praesentium. Eaque quo ipsum eius inventore maiores ut inventore. Et soluta molestiae error perferendis necessitatibus. Hic atque accusantium libero dolor dolores ea est.', NULL, '3829.38', '1997-09-21 21:58:05', '0000-00-00 00:00:00', 19, 7);
INSERT INTO `products` (`id`, `name`, `description`, `characteristics`, `price`, `created_at`, `updated_at`, `brands_id`, `catalogs_id`) VALUES (167, 'Perspiciatis repellat et officiis.', 'Veniam incidunt iusto corporis qui quia temporibus voluptate. Modi veniam atque neque est. Dolorem harum a cum pariatur est corporis ut et. Enim dolorum id in maxime voluptates veritatis. Maxime est placeat est nobis sit eum voluptate.', NULL, '7331.90', '1980-01-22 21:13:01', '0000-00-00 00:00:00', 28, 7);
INSERT INTO `products` (`id`, `name`, `description`, `characteristics`, `price`, `created_at`, `updated_at`, `brands_id`, `catalogs_id`) VALUES (168, 'Laudantium et nobis culpa.', 'Ut sed eum nobis qui quae. Eaque ut dolor perferendis rerum voluptatem est dolores.', NULL, '5401.18', '1975-06-30 03:51:30', '0000-00-00 00:00:00', 7, 1);
INSERT INTO `products` (`id`, `name`, `description`, `characteristics`, `price`, `created_at`, `updated_at`, `brands_id`, `catalogs_id`) VALUES (169, 'Sed totam dolores.', 'Non sit ducimus ut soluta autem qui enim. Nemo nam nostrum quia consequatur. Libero inventore sunt inventore sit.', NULL, '53.13', '1981-02-04 04:24:21', '2018-10-22 19:38:36', 27, 4);
INSERT INTO `products` (`id`, `name`, `description`, `characteristics`, `price`, `created_at`, `updated_at`, `brands_id`, `catalogs_id`) VALUES (170, 'Reprehenderit repellat incidunt.', '', NULL, '3472.13', '1983-06-06 12:32:39', '0000-00-00 00:00:00', 6, 10);
INSERT INTO `products` (`id`, `name`, `description`, `characteristics`, `price`, `created_at`, `updated_at`, `brands_id`, `catalogs_id`) VALUES (171, 'Quaerat qui odit animi.', 'Temporibus non enim aut consequatur voluptatibus optio. Adipisci repellat magnam sapiente voluptatem numquam aliquam. Quas molestiae quia incidunt a. Minima nobis accusantium sit. Incidunt voluptatem pariatur fugit qui sint sed mollitia.', NULL, '2818.00', '2015-05-15 21:49:20', '0000-00-00 00:00:00', 27, 9);
INSERT INTO `products` (`id`, `name`, `description`, `characteristics`, `price`, `created_at`, `updated_at`, `brands_id`, `catalogs_id`) VALUES (172, 'Rerum blanditiis est non.', '', NULL, '2963.29', '1984-07-02 10:41:36', '2000-09-23 11:59:40', 21, 2);
INSERT INTO `products` (`id`, `name`, `description`, `characteristics`, `price`, `created_at`, `updated_at`, `brands_id`, `catalogs_id`) VALUES (173, 'Omnis aut quod.', 'Qui sed vero molestias consequuntur est. Voluptas autem nisi dolores vero unde sunt. Aut at magnam et illo. Distinctio sint reprehenderit minima voluptas rerum.', NULL, '6090.32', '2006-04-13 13:25:08', '0000-00-00 00:00:00', 14, 3);
INSERT INTO `products` (`id`, `name`, `description`, `characteristics`, `price`, `created_at`, `updated_at`, `brands_id`, `catalogs_id`) VALUES (174, 'Et aliquam dolor voluptatem sint.', '', NULL, '831.09', '2005-03-09 14:31:44', '0000-00-00 00:00:00', 26, 8);
INSERT INTO `products` (`id`, `name`, `description`, `characteristics`, `price`, `created_at`, `updated_at`, `brands_id`, `catalogs_id`) VALUES (175, 'Sit vero dolorem omnis.', 'Repellat quaerat et aut magnam. Et id labore maxime ex vel non.', NULL, '8610.74', '1986-04-27 16:06:00', '0000-00-00 00:00:00', 9, 8);
INSERT INTO `products` (`id`, `name`, `description`, `characteristics`, `price`, `created_at`, `updated_at`, `brands_id`, `catalogs_id`) VALUES (176, 'Sint facere quis.', 'Sint officiis et iusto ipsum placeat. Dolore ex ratione dolor modi libero error labore consequatur. Veniam quam nihil doloribus voluptas cumque consequuntur. Et voluptatem sunt cupiditate enim.', NULL, '3977.56', '1971-05-15 13:16:31', '1985-12-27 15:20:58', 7, 3);
INSERT INTO `products` (`id`, `name`, `description`, `characteristics`, `price`, `created_at`, `updated_at`, `brands_id`, `catalogs_id`) VALUES (177, 'Velit odio nemo quia necessitatibus.', 'Blanditiis modi deleniti nemo doloremque quos adipisci. Illo non minima corrupti mollitia voluptate a omnis. Quod iure assumenda culpa id sequi aut nostrum sint. Ipsum unde quis vel vel ipsam et et.', NULL, '821.18', '1982-11-26 16:43:09', '1978-02-23 02:34:53', 17, 8);
INSERT INTO `products` (`id`, `name`, `description`, `characteristics`, `price`, `created_at`, `updated_at`, `brands_id`, `catalogs_id`) VALUES (178, 'Aut fugit quia eos.', '', NULL, '2922.99', '1980-02-04 20:04:51', '0000-00-00 00:00:00', 17, 9);
INSERT INTO `products` (`id`, `name`, `description`, `characteristics`, `price`, `created_at`, `updated_at`, `brands_id`, `catalogs_id`) VALUES (179, 'Architecto est ut.', 'Vero enim dolor nihil natus eos facere saepe. Quia voluptate amet deserunt nisi veritatis perspiciatis accusantium. Vitae doloremque in itaque.', NULL, '3406.47', '2009-08-10 03:10:03', '0000-00-00 00:00:00', 30, 1);
INSERT INTO `products` (`id`, `name`, `description`, `characteristics`, `price`, `created_at`, `updated_at`, `brands_id`, `catalogs_id`) VALUES (180, 'Fuga necessitatibus itaque.', '', NULL, '9299.50', '2004-12-12 10:06:27', '0000-00-00 00:00:00', 30, 7);
INSERT INTO `products` (`id`, `name`, `description`, `characteristics`, `price`, `created_at`, `updated_at`, `brands_id`, `catalogs_id`) VALUES (181, 'Repellat minus quia.', 'Nihil veniam excepturi consequatur deleniti ratione quibusdam laborum. Facere magni quisquam voluptatem nobis vel. Voluptatem dolores quod consequuntur deserunt.', NULL, '7361.72', '1971-01-05 12:04:48', '2004-08-15 07:51:21', 10, 7);
INSERT INTO `products` (`id`, `name`, `description`, `characteristics`, `price`, `created_at`, `updated_at`, `brands_id`, `catalogs_id`) VALUES (182, 'Omnis accusantium mollitia officiis.', '', NULL, '7377.38', '1994-08-12 22:43:46', '0000-00-00 00:00:00', 10, 3);
INSERT INTO `products` (`id`, `name`, `description`, `characteristics`, `price`, `created_at`, `updated_at`, `brands_id`, `catalogs_id`) VALUES (183, 'Et et minus aut.', 'Quibusdam laboriosam architecto sunt fugiat optio quia et. Est magnam libero aut. Debitis fugit cupiditate deserunt nobis repellendus. Illo tenetur aut possimus sapiente error ratione assumenda.', NULL, '5608.09', '2015-05-19 10:51:45', '0000-00-00 00:00:00', 8, 6);
INSERT INTO `products` (`id`, `name`, `description`, `characteristics`, `price`, `created_at`, `updated_at`, `brands_id`, `catalogs_id`) VALUES (184, 'Dolorem et enim molestiae.', 'Natus fuga quia sed ut est sed. Ea iste officiis rem molestiae qui praesentium praesentium. Qui aliquid temporibus dolor corporis.', NULL, '7728.00', '1988-06-28 06:03:56', '1993-12-18 01:17:47', 9, 2);
INSERT INTO `products` (`id`, `name`, `description`, `characteristics`, `price`, `created_at`, `updated_at`, `brands_id`, `catalogs_id`) VALUES (185, 'Optio sit non eius.', '', NULL, '2648.30', '1981-05-31 16:57:59', '0000-00-00 00:00:00', 28, 5);
INSERT INTO `products` (`id`, `name`, `description`, `characteristics`, `price`, `created_at`, `updated_at`, `brands_id`, `catalogs_id`) VALUES (186, 'Necessitatibus repellat aut.', 'Id odio exercitationem quaerat et minus accusantium. Labore dolores optio nesciunt eius eligendi dignissimos sint veniam. Omnis placeat officia et delectus est est dolores excepturi. Dolor ea sapiente provident.', NULL, '8206.95', '1999-04-07 21:33:16', '0000-00-00 00:00:00', 2, 9);
INSERT INTO `products` (`id`, `name`, `description`, `characteristics`, `price`, `created_at`, `updated_at`, `brands_id`, `catalogs_id`) VALUES (187, 'Perferendis inventore sed necessitatibus.', 'Ut ratione voluptates minima rerum et. Exercitationem libero facere sed voluptatem. Culpa quas dolorem quo aliquam.', NULL, '805.82', '2000-06-21 20:13:01', '0000-00-00 00:00:00', 9, 8);
INSERT INTO `products` (`id`, `name`, `description`, `characteristics`, `price`, `created_at`, `updated_at`, `brands_id`, `catalogs_id`) VALUES (188, 'Ducimus dolor voluptatem enim.', '', NULL, '6841.06', '2019-02-08 12:01:46', '0000-00-00 00:00:00', 29, 8);
INSERT INTO `products` (`id`, `name`, `description`, `characteristics`, `price`, `created_at`, `updated_at`, `brands_id`, `catalogs_id`) VALUES (189, 'Unde vel est magni optio.', 'Adipisci fugiat saepe minima velit aperiam aut magni. Repellat qui aut sint explicabo. Id numquam ut sit pariatur eligendi.', NULL, '8557.42', '1995-12-24 04:18:24', '2015-03-18 09:21:24', 29, 8);
INSERT INTO `products` (`id`, `name`, `description`, `characteristics`, `price`, `created_at`, `updated_at`, `brands_id`, `catalogs_id`) VALUES (190, 'Illo reprehenderit repellendus rerum suscipit.', '', NULL, '274.21', '1980-09-01 15:34:31', '0000-00-00 00:00:00', 15, 3);
INSERT INTO `products` (`id`, `name`, `description`, `characteristics`, `price`, `created_at`, `updated_at`, `brands_id`, `catalogs_id`) VALUES (191, 'Eligendi sed esse.', '', NULL, '2121.67', '2005-11-30 04:59:28', '0000-00-00 00:00:00', 16, 8);
INSERT INTO `products` (`id`, `name`, `description`, `characteristics`, `price`, `created_at`, `updated_at`, `brands_id`, `catalogs_id`) VALUES (192, 'Consequuntur magnam molestiae.', 'Mollitia sint quia autem occaecati explicabo beatae adipisci. Odio et ut explicabo quis. Itaque enim sint quisquam aut ab consequatur.', NULL, '4268.44', '1994-03-19 16:19:27', '1985-09-19 10:08:01', 16, 1);
INSERT INTO `products` (`id`, `name`, `description`, `characteristics`, `price`, `created_at`, `updated_at`, `brands_id`, `catalogs_id`) VALUES (193, 'Repellendus asperiores eos asperiores.', 'Alias ut exercitationem alias temporibus. Quos illum eveniet sint itaque incidunt. Deleniti aperiam ducimus ullam adipisci sint enim. Maxime maiores et aut quia quia ab a.', NULL, '8329.36', '2019-10-09 21:19:43', '2007-06-23 19:05:37', 14, 1);
INSERT INTO `products` (`id`, `name`, `description`, `characteristics`, `price`, `created_at`, `updated_at`, `brands_id`, `catalogs_id`) VALUES (194, 'Ea debitis explicabo ducimus voluptatem.', 'Minus dolore non magnam ipsam quia tempore consequatur placeat. Nihil voluptas assumenda id sint et iusto quia ratione. Et atque sed cum et voluptas et quidem.', NULL, '8063.88', '1994-12-17 16:29:05', '1985-05-19 12:42:51', 27, 5);
INSERT INTO `products` (`id`, `name`, `description`, `characteristics`, `price`, `created_at`, `updated_at`, `brands_id`, `catalogs_id`) VALUES (195, 'Blanditiis alias ipsum.', '', NULL, '8228.57', '2011-02-16 18:38:47', '2017-06-01 00:27:28', 4, 9);
INSERT INTO `products` (`id`, `name`, `description`, `characteristics`, `price`, `created_at`, `updated_at`, `brands_id`, `catalogs_id`) VALUES (196, 'Ut quaerat.', 'Tenetur nisi quaerat omnis. Provident officia ea alias quia. Aut et consequuntur deleniti quasi molestiae.', NULL, '8247.00', '1997-01-10 08:59:38', '1999-09-18 11:00:39', 4, 5);
INSERT INTO `products` (`id`, `name`, `description`, `characteristics`, `price`, `created_at`, `updated_at`, `brands_id`, `catalogs_id`) VALUES (197, 'Et fugit voluptatem.', 'Sint cumque rerum dignissimos vel non vel numquam. Eos rerum iusto explicabo dolor ullam. Et ut non veritatis iste quam iste.', NULL, '2384.74', '1993-11-23 07:36:05', '0000-00-00 00:00:00', 15, 5);
INSERT INTO `products` (`id`, `name`, `description`, `characteristics`, `price`, `created_at`, `updated_at`, `brands_id`, `catalogs_id`) VALUES (198, 'Soluta nisi odio enim.', 'Id fugiat quasi autem tempora et. Et accusantium non consequatur aperiam consequatur. Ipsa nihil earum qui recusandae enim.', NULL, '6710.84', '2013-01-03 13:59:57', '0000-00-00 00:00:00', 20, 8);
INSERT INTO `products` (`id`, `name`, `description`, `characteristics`, `price`, `created_at`, `updated_at`, `brands_id`, `catalogs_id`) VALUES (199, 'Magnam reiciendis eum consequatur.', 'Sed quaerat eveniet corporis veniam consequatur sit ut. Saepe modi impedit voluptates aut. Enim laboriosam dolor quos voluptatem.', NULL, '9642.19', '2015-01-21 22:09:56', '0000-00-00 00:00:00', 30, 10);
INSERT INTO `products` (`id`, `name`, `description`, `characteristics`, `price`, `created_at`, `updated_at`, `brands_id`, `catalogs_id`) VALUES (200, 'Suscipit quos nostrum et.', 'Possimus ut ducimus sit quidem iure. Sit qui ipsa non qui aliquam quis. Quia minima reiciendis maxime qui id reprehenderit culpa. Fugit deleniti aut tempore. Nesciunt numquam nulla sed atque.', NULL, '1821.20', '1974-02-10 20:28:34', '2003-12-05 16:00:37', 26, 10);


#
# TABLE STRUCTURE FOR: profiles
#

DROP TABLE IF EXISTS `profiles`;

CREATE TABLE `profiles` (
  `users_id` int(10) unsigned NOT NULL,
  `firstname` varchar(145) COLLATE utf8mb4_unicode_ci NOT NULL,
  `lastname` varchar(145) COLLATE utf8mb4_unicode_ci NOT NULL,
  `gender` enum('m','f','x') COLLATE utf8mb4_unicode_ci NOT NULL,
  `birthday` date NOT NULL,
  `address` varchar(245) COLLATE utf8mb4_unicode_ci DEFAULT NULL,
  `created_at` datetime NOT NULL DEFAULT current_timestamp(),
  `updated_at` datetime DEFAULT current_timestamp() ON UPDATE current_timestamp(),
  PRIMARY KEY (`users_id`),
  KEY `fk_profiles_users_idx` (`users_id`),
  CONSTRAINT `fk_profiles_users` FOREIGN KEY (`users_id`) REFERENCES `users` (`id`)
) ENGINE=InnoDB DEFAULT CHARSET=utf8mb4 COLLATE=utf8mb4_unicode_ci;

INSERT INTO `profiles` (`users_id`, `firstname`, `lastname`, `gender`, `birthday`, `address`, `created_at`, `updated_at`) VALUES (1, 'Alayna', 'Ankunding', 'm', '2000-10-17', '', '2000-06-21 18:23:53', '2021-01-22 04:18:29');
INSERT INTO `profiles` (`users_id`, `firstname`, `lastname`, `gender`, `birthday`, `address`, `created_at`, `updated_at`) VALUES (2, 'Jenifer', 'Schinner', 'm', '2012-09-05', '7293 Chelsie Station\nNorth Joe, MS 29527-2161', '1990-02-04 22:23:55', '0000-00-00 00:00:00');
INSERT INTO `profiles` (`users_id`, `firstname`, `lastname`, `gender`, `birthday`, `address`, `created_at`, `updated_at`) VALUES (3, 'Eli', 'Greenholt', 'm', '1996-06-06', '', '2019-10-25 09:19:37', '0000-00-00 00:00:00');
INSERT INTO `profiles` (`users_id`, `firstname`, `lastname`, `gender`, `birthday`, `address`, `created_at`, `updated_at`) VALUES (4, 'Nicolas', 'Hoeger', 'f', '2009-01-26', '', '2021-01-24 07:59:24', '1996-10-25 21:37:36');
INSERT INTO `profiles` (`users_id`, `firstname`, `lastname`, `gender`, `birthday`, `address`, `created_at`, `updated_at`) VALUES (5, 'Marisol', 'Turner', 'f', '2016-04-17', '39330 Alexandra Shore Suite 939\nRathburgh, MN 67574', '1993-09-17 15:26:55', '0000-00-00 00:00:00');
INSERT INTO `profiles` (`users_id`, `firstname`, `lastname`, `gender`, `birthday`, `address`, `created_at`, `updated_at`) VALUES (6, 'Suzanne', 'Corwin', 'f', '2012-11-10', '69262 Gleason Point\nEast Adrien, SC 84206', '1978-07-06 13:59:19', '1973-07-04 04:11:34');
INSERT INTO `profiles` (`users_id`, `firstname`, `lastname`, `gender`, `birthday`, `address`, `created_at`, `updated_at`) VALUES (7, 'Jose', 'Stoltenberg', 'x', '1988-11-06', '', '1983-12-28 01:53:52', '2014-03-10 18:51:49');
INSERT INTO `profiles` (`users_id`, `firstname`, `lastname`, `gender`, `birthday`, `address`, `created_at`, `updated_at`) VALUES (8, 'Orval', 'Buckridge', 'm', '2000-05-06', '8693 Reichel Rest Suite 158\nPrestonmouth, OR 22950', '1989-10-12 17:38:28', '0000-00-00 00:00:00');
INSERT INTO `profiles` (`users_id`, `firstname`, `lastname`, `gender`, `birthday`, `address`, `created_at`, `updated_at`) VALUES (9, 'Cassie', 'Braun', 'm', '1998-06-10', '1674 Connelly Roads Suite 109\nSouth Destiniview, ND 04935-4897', '1974-05-05 20:15:32', '1990-08-11 02:20:01');
INSERT INTO `profiles` (`users_id`, `firstname`, `lastname`, `gender`, `birthday`, `address`, `created_at`, `updated_at`) VALUES (10, 'Kasandra', 'Veum', 'x', '1974-07-14', '', '1989-09-22 04:50:02', '2019-07-19 10:28:30');
INSERT INTO `profiles` (`users_id`, `firstname`, `lastname`, `gender`, `birthday`, `address`, `created_at`, `updated_at`) VALUES (11, 'Lelah', 'Hayes', 'x', '1994-04-02', '51047 Jaleel Mountains Apt. 554\nWest Jessycaburgh, VA 60724', '1996-11-23 18:09:55', '0000-00-00 00:00:00');
INSERT INTO `profiles` (`users_id`, `firstname`, `lastname`, `gender`, `birthday`, `address`, `created_at`, `updated_at`) VALUES (12, 'Pinkie', 'Koelpin', 'f', '2008-12-24', '551 Streich Ways Apt. 305\nPort Vivianneshire, AL 24597-1275', '1972-12-10 12:11:51', '2016-07-12 11:13:11');
INSERT INTO `profiles` (`users_id`, `firstname`, `lastname`, `gender`, `birthday`, `address`, `created_at`, `updated_at`) VALUES (13, 'Cristopher', 'Johnston', 'f', '1970-07-03', '', '2004-07-28 19:58:47', '2010-08-15 02:06:09');
INSERT INTO `profiles` (`users_id`, `firstname`, `lastname`, `gender`, `birthday`, `address`, `created_at`, `updated_at`) VALUES (14, 'Jerry', 'Rice', 'm', '1998-06-03', '', '1982-02-14 19:13:07', '0000-00-00 00:00:00');
INSERT INTO `profiles` (`users_id`, `firstname`, `lastname`, `gender`, `birthday`, `address`, `created_at`, `updated_at`) VALUES (15, 'Omari', 'Kutch', 'x', '2008-01-19', '', '2017-09-14 06:38:53', '0000-00-00 00:00:00');
INSERT INTO `profiles` (`users_id`, `firstname`, `lastname`, `gender`, `birthday`, `address`, `created_at`, `updated_at`) VALUES (16, 'Kaden', 'Rice', 'x', '1970-07-09', '741 Piper Loop\nPrudencetown, ID 95207-6314', '2019-10-04 13:18:04', '0000-00-00 00:00:00');
INSERT INTO `profiles` (`users_id`, `firstname`, `lastname`, `gender`, `birthday`, `address`, `created_at`, `updated_at`) VALUES (17, 'Karli', 'Muller', 'f', '1983-05-11', '', '1982-11-22 10:53:09', '1982-09-07 20:39:06');
INSERT INTO `profiles` (`users_id`, `firstname`, `lastname`, `gender`, `birthday`, `address`, `created_at`, `updated_at`) VALUES (18, 'Casimir', 'Hudson', 'x', '2021-02-02', '766 Jackson Shoal Apt. 049\nNorth Ilenetown, OK 88775-8463', '2015-12-01 08:22:20', '1997-02-27 22:16:55');
INSERT INTO `profiles` (`users_id`, `firstname`, `lastname`, `gender`, `birthday`, `address`, `created_at`, `updated_at`) VALUES (19, 'Andres', 'Mraz', 'x', '1989-06-23', '24075 Horace Mews Apt. 299\nDeckowbury, CA 77586', '1986-07-10 14:51:09', '0000-00-00 00:00:00');
INSERT INTO `profiles` (`users_id`, `firstname`, `lastname`, `gender`, `birthday`, `address`, `created_at`, `updated_at`) VALUES (20, 'Hallie', 'Denesik', 'x', '1972-03-17', '4585 Haag Extension Suite 789\nEast Dorrisborough, KY 32010', '2009-06-23 11:53:27', '0000-00-00 00:00:00');


#
# TABLE STRUCTURE FOR: storehouses
#

DROP TABLE IF EXISTS `storehouses`;

CREATE TABLE `storehouses` (
  `id` int(10) unsigned NOT NULL AUTO_INCREMENT,
  `name` varchar(45) COLLATE utf8mb4_unicode_ci NOT NULL,
  `address` varchar(255) COLLATE utf8mb4_unicode_ci DEFAULT NULL,
  `created_at` datetime NOT NULL DEFAULT current_timestamp(),
  `updated_at` datetime DEFAULT current_timestamp() ON UPDATE current_timestamp(),
  PRIMARY KEY (`id`),
  UNIQUE KEY `name_UNIQUE` (`name`)
) ENGINE=InnoDB AUTO_INCREMENT=4 DEFAULT CHARSET=utf8mb4 COLLATE=utf8mb4_unicode_ci;

INSERT INTO `storehouses` (`id`, `name`, `address`, `created_at`, `updated_at`) VALUES (1, 'Stanton, Fisher and Wintheiser', '41548 Carissa Plains\nMayertchester, VA 00674', '2013-10-23 13:52:27', '1985-07-03 09:04:10');
INSERT INTO `storehouses` (`id`, `name`, `address`, `created_at`, `updated_at`) VALUES (2, 'Streich Group', '28306 Hamill Throughway\nSmithland, NC 69604', '1985-10-31 17:28:24', '1993-02-11 04:41:37');
INSERT INTO `storehouses` (`id`, `name`, `address`, `created_at`, `updated_at`) VALUES (3, 'Klocko, O\'Conner and Cruickshank', '29245 Rosenbaum Lodge\nAnnettafort, MA 76404-4567', '1986-08-14 23:02:31', '0000-00-00 00:00:00');


#
# TABLE STRUCTURE FOR: storehouses_products
#

DROP TABLE IF EXISTS `storehouses_products`;

CREATE TABLE `storehouses_products` (
  `id` int(10) unsigned NOT NULL AUTO_INCREMENT,
  `value` int(10) unsigned DEFAULT NULL,
  `created_at` datetime NOT NULL DEFAULT current_timestamp(),
  `updated_at` datetime DEFAULT current_timestamp() ON UPDATE current_timestamp(),
  `storehouses_id` int(10) unsigned DEFAULT NULL,
  `products_id` int(10) unsigned DEFAULT NULL,
  PRIMARY KEY (`id`),
  KEY `fk_storehouses_products_storehouses1_idx` (`storehouses_id`),
  KEY `fk_storehouses_products_products1_idx` (`products_id`),
  CONSTRAINT `fk_storehouses_products_products1` FOREIGN KEY (`products_id`) REFERENCES `products` (`id`),
  CONSTRAINT `fk_storehouses_products_storehouses1` FOREIGN KEY (`storehouses_id`) REFERENCES `storehouses` (`id`)
) ENGINE=InnoDB AUTO_INCREMENT=101 DEFAULT CHARSET=utf8mb4 COLLATE=utf8mb4_unicode_ci;

INSERT INTO `storehouses_products` (`id`, `value`, `created_at`, `updated_at`, `storehouses_id`, `products_id`) VALUES (1, 38, '1998-09-01 13:33:34', '2014-03-19 17:54:31', 2, 129);
INSERT INTO `storehouses_products` (`id`, `value`, `created_at`, `updated_at`, `storehouses_id`, `products_id`) VALUES (2, 34, '2019-06-22 10:34:33', '2015-08-11 18:43:53', 2, 72);
INSERT INTO `storehouses_products` (`id`, `value`, `created_at`, `updated_at`, `storehouses_id`, `products_id`) VALUES (3, 18, '2008-07-21 01:18:30', '0000-00-00 00:00:00', 1, 33);
INSERT INTO `storehouses_products` (`id`, `value`, `created_at`, `updated_at`, `storehouses_id`, `products_id`) VALUES (4, 18, '1974-05-23 16:30:07', '0000-00-00 00:00:00', 3, 139);
INSERT INTO `storehouses_products` (`id`, `value`, `created_at`, `updated_at`, `storehouses_id`, `products_id`) VALUES (5, 37, '1983-08-08 17:06:41', '0000-00-00 00:00:00', 2, 25);
INSERT INTO `storehouses_products` (`id`, `value`, `created_at`, `updated_at`, `storehouses_id`, `products_id`) VALUES (6, 49, '2016-03-16 05:51:24', '1983-09-05 17:24:32', 3, 102);
INSERT INTO `storehouses_products` (`id`, `value`, `created_at`, `updated_at`, `storehouses_id`, `products_id`) VALUES (7, 43, '2009-10-19 01:19:11', '2012-07-25 07:43:18', 2, 174);
INSERT INTO `storehouses_products` (`id`, `value`, `created_at`, `updated_at`, `storehouses_id`, `products_id`) VALUES (8, 12, '1999-11-16 21:47:00', '0000-00-00 00:00:00', 3, 65);
INSERT INTO `storehouses_products` (`id`, `value`, `created_at`, `updated_at`, `storehouses_id`, `products_id`) VALUES (9, 5, '2014-02-14 12:26:12', '2018-02-06 09:44:27', 3, 100);
INSERT INTO `storehouses_products` (`id`, `value`, `created_at`, `updated_at`, `storehouses_id`, `products_id`) VALUES (10, 9, '1992-07-14 13:17:10', '0000-00-00 00:00:00', 2, 184);
INSERT INTO `storehouses_products` (`id`, `value`, `created_at`, `updated_at`, `storehouses_id`, `products_id`) VALUES (11, 11, '2004-05-26 17:42:57', '1986-03-10 13:31:46', 1, 177);
INSERT INTO `storehouses_products` (`id`, `value`, `created_at`, `updated_at`, `storehouses_id`, `products_id`) VALUES (12, 28, '1976-08-25 05:07:34', '2015-08-03 18:28:43', 3, 108);
INSERT INTO `storehouses_products` (`id`, `value`, `created_at`, `updated_at`, `storehouses_id`, `products_id`) VALUES (13, 45, '2008-06-30 02:17:27', '1970-10-30 08:00:04', 1, 59);
INSERT INTO `storehouses_products` (`id`, `value`, `created_at`, `updated_at`, `storehouses_id`, `products_id`) VALUES (14, 19, '2012-05-18 02:09:54', '0000-00-00 00:00:00', 2, 89);
INSERT INTO `storehouses_products` (`id`, `value`, `created_at`, `updated_at`, `storehouses_id`, `products_id`) VALUES (15, 3, '2001-01-09 18:49:48', '0000-00-00 00:00:00', 2, 199);
INSERT INTO `storehouses_products` (`id`, `value`, `created_at`, `updated_at`, `storehouses_id`, `products_id`) VALUES (16, 49, '1997-04-22 05:55:08', '0000-00-00 00:00:00', 2, 15);
INSERT INTO `storehouses_products` (`id`, `value`, `created_at`, `updated_at`, `storehouses_id`, `products_id`) VALUES (17, 32, '2008-08-19 14:48:56', '0000-00-00 00:00:00', 2, 17);
INSERT INTO `storehouses_products` (`id`, `value`, `created_at`, `updated_at`, `storehouses_id`, `products_id`) VALUES (18, 29, '2006-12-31 20:05:31', '1993-08-26 17:35:37', 2, 184);
INSERT INTO `storehouses_products` (`id`, `value`, `created_at`, `updated_at`, `storehouses_id`, `products_id`) VALUES (19, 25, '1973-07-18 08:26:30', '1978-07-28 15:03:09', 1, 27);
INSERT INTO `storehouses_products` (`id`, `value`, `created_at`, `updated_at`, `storehouses_id`, `products_id`) VALUES (20, 9, '2009-07-10 01:36:53', '0000-00-00 00:00:00', 2, 148);
INSERT INTO `storehouses_products` (`id`, `value`, `created_at`, `updated_at`, `storehouses_id`, `products_id`) VALUES (21, 8, '2016-07-04 16:07:17', '1970-02-28 06:45:35', 1, 102);
INSERT INTO `storehouses_products` (`id`, `value`, `created_at`, `updated_at`, `storehouses_id`, `products_id`) VALUES (22, 34, '2010-01-12 13:18:27', '0000-00-00 00:00:00', 1, 145);
INSERT INTO `storehouses_products` (`id`, `value`, `created_at`, `updated_at`, `storehouses_id`, `products_id`) VALUES (23, 11, '2010-10-30 19:25:08', '1972-04-03 14:56:06', 2, 23);
INSERT INTO `storehouses_products` (`id`, `value`, `created_at`, `updated_at`, `storehouses_id`, `products_id`) VALUES (24, 31, '2015-04-29 03:16:34', '1970-02-13 00:19:01', 1, 64);
INSERT INTO `storehouses_products` (`id`, `value`, `created_at`, `updated_at`, `storehouses_id`, `products_id`) VALUES (25, 48, '1971-02-27 15:32:42', '0000-00-00 00:00:00', 2, 116);
INSERT INTO `storehouses_products` (`id`, `value`, `created_at`, `updated_at`, `storehouses_id`, `products_id`) VALUES (26, 22, '1975-12-28 09:08:58', '0000-00-00 00:00:00', 1, 188);
INSERT INTO `storehouses_products` (`id`, `value`, `created_at`, `updated_at`, `storehouses_id`, `products_id`) VALUES (27, 8, '1982-05-09 10:17:38', '0000-00-00 00:00:00', 2, 45);
INSERT INTO `storehouses_products` (`id`, `value`, `created_at`, `updated_at`, `storehouses_id`, `products_id`) VALUES (28, 2, '2018-03-22 02:26:58', '0000-00-00 00:00:00', 2, 157);
INSERT INTO `storehouses_products` (`id`, `value`, `created_at`, `updated_at`, `storehouses_id`, `products_id`) VALUES (29, 22, '1993-10-24 17:44:14', '0000-00-00 00:00:00', 2, 164);
INSERT INTO `storehouses_products` (`id`, `value`, `created_at`, `updated_at`, `storehouses_id`, `products_id`) VALUES (30, 11, '1993-04-20 13:12:54', '1970-03-19 12:41:58', 1, 23);
INSERT INTO `storehouses_products` (`id`, `value`, `created_at`, `updated_at`, `storehouses_id`, `products_id`) VALUES (31, 16, '1989-08-16 19:05:19', '2020-06-05 12:34:17', 3, 138);
INSERT INTO `storehouses_products` (`id`, `value`, `created_at`, `updated_at`, `storehouses_id`, `products_id`) VALUES (32, 43, '2000-07-18 03:19:58', '2005-10-25 06:01:59', 1, 90);
INSERT INTO `storehouses_products` (`id`, `value`, `created_at`, `updated_at`, `storehouses_id`, `products_id`) VALUES (33, 17, '2005-08-01 01:37:58', '0000-00-00 00:00:00', 3, 125);
INSERT INTO `storehouses_products` (`id`, `value`, `created_at`, `updated_at`, `storehouses_id`, `products_id`) VALUES (34, 48, '1972-04-10 13:54:31', '1973-06-26 00:37:51', 2, 2);
INSERT INTO `storehouses_products` (`id`, `value`, `created_at`, `updated_at`, `storehouses_id`, `products_id`) VALUES (35, 40, '1989-11-23 01:26:54', '0000-00-00 00:00:00', 3, 194);
INSERT INTO `storehouses_products` (`id`, `value`, `created_at`, `updated_at`, `storehouses_id`, `products_id`) VALUES (36, 48, '1999-10-12 08:16:42', '0000-00-00 00:00:00', 3, 2);
INSERT INTO `storehouses_products` (`id`, `value`, `created_at`, `updated_at`, `storehouses_id`, `products_id`) VALUES (37, 11, '1977-10-02 17:52:54', '0000-00-00 00:00:00', 2, 198);
INSERT INTO `storehouses_products` (`id`, `value`, `created_at`, `updated_at`, `storehouses_id`, `products_id`) VALUES (38, 14, '2003-01-07 21:48:23', '2003-11-24 07:31:59', 3, 170);
INSERT INTO `storehouses_products` (`id`, `value`, `created_at`, `updated_at`, `storehouses_id`, `products_id`) VALUES (39, 48, '1993-05-06 20:41:30', '0000-00-00 00:00:00', 1, 156);
INSERT INTO `storehouses_products` (`id`, `value`, `created_at`, `updated_at`, `storehouses_id`, `products_id`) VALUES (40, 5, '1991-02-19 05:20:44', '2019-11-12 04:16:20', 1, 141);
INSERT INTO `storehouses_products` (`id`, `value`, `created_at`, `updated_at`, `storehouses_id`, `products_id`) VALUES (41, 6, '1991-07-20 19:51:16', '2005-12-26 00:56:09', 2, 82);
INSERT INTO `storehouses_products` (`id`, `value`, `created_at`, `updated_at`, `storehouses_id`, `products_id`) VALUES (42, 1, '2014-11-13 21:48:40', '0000-00-00 00:00:00', 2, 163);
INSERT INTO `storehouses_products` (`id`, `value`, `created_at`, `updated_at`, `storehouses_id`, `products_id`) VALUES (43, 13, '2020-05-16 07:34:56', '0000-00-00 00:00:00', 2, 24);
INSERT INTO `storehouses_products` (`id`, `value`, `created_at`, `updated_at`, `storehouses_id`, `products_id`) VALUES (44, 41, '1996-12-11 18:19:20', '2012-01-08 07:57:41', 2, 30);
INSERT INTO `storehouses_products` (`id`, `value`, `created_at`, `updated_at`, `storehouses_id`, `products_id`) VALUES (45, 43, '1988-12-01 19:03:20', '1999-03-04 16:49:17', 3, 164);
INSERT INTO `storehouses_products` (`id`, `value`, `created_at`, `updated_at`, `storehouses_id`, `products_id`) VALUES (46, 23, '2020-06-05 11:42:47', '2002-10-01 02:41:03', 1, 151);
INSERT INTO `storehouses_products` (`id`, `value`, `created_at`, `updated_at`, `storehouses_id`, `products_id`) VALUES (47, 26, '1989-02-26 10:01:47', '1999-12-19 02:03:16', 2, 90);
INSERT INTO `storehouses_products` (`id`, `value`, `created_at`, `updated_at`, `storehouses_id`, `products_id`) VALUES (48, 19, '2018-11-15 03:14:59', '1973-01-27 17:33:25', 1, 54);
INSERT INTO `storehouses_products` (`id`, `value`, `created_at`, `updated_at`, `storehouses_id`, `products_id`) VALUES (49, 38, '1984-11-04 12:07:42', '0000-00-00 00:00:00', 1, 112);
INSERT INTO `storehouses_products` (`id`, `value`, `created_at`, `updated_at`, `storehouses_id`, `products_id`) VALUES (50, 0, '1999-06-30 21:28:08', '0000-00-00 00:00:00', 1, 165);
INSERT INTO `storehouses_products` (`id`, `value`, `created_at`, `updated_at`, `storehouses_id`, `products_id`) VALUES (51, 23, '2014-07-10 02:11:27', '0000-00-00 00:00:00', 2, 5);
INSERT INTO `storehouses_products` (`id`, `value`, `created_at`, `updated_at`, `storehouses_id`, `products_id`) VALUES (52, 17, '2006-12-12 21:13:12', '2008-02-12 03:39:43', 3, 1);
INSERT INTO `storehouses_products` (`id`, `value`, `created_at`, `updated_at`, `storehouses_id`, `products_id`) VALUES (53, 24, '2003-10-10 02:12:44', '0000-00-00 00:00:00', 1, 113);
INSERT INTO `storehouses_products` (`id`, `value`, `created_at`, `updated_at`, `storehouses_id`, `products_id`) VALUES (54, 39, '2002-04-21 09:27:03', '0000-00-00 00:00:00', 3, 21);
INSERT INTO `storehouses_products` (`id`, `value`, `created_at`, `updated_at`, `storehouses_id`, `products_id`) VALUES (55, 30, '2003-11-10 19:32:28', '0000-00-00 00:00:00', 2, 4);
INSERT INTO `storehouses_products` (`id`, `value`, `created_at`, `updated_at`, `storehouses_id`, `products_id`) VALUES (56, 17, '2002-10-30 12:08:24', '0000-00-00 00:00:00', 3, 138);
INSERT INTO `storehouses_products` (`id`, `value`, `created_at`, `updated_at`, `storehouses_id`, `products_id`) VALUES (57, 13, '1971-07-05 13:25:00', '1989-03-07 08:47:30', 2, 90);
INSERT INTO `storehouses_products` (`id`, `value`, `created_at`, `updated_at`, `storehouses_id`, `products_id`) VALUES (58, 50, '1989-07-27 14:40:12', '1997-01-05 21:44:22', 2, 11);
INSERT INTO `storehouses_products` (`id`, `value`, `created_at`, `updated_at`, `storehouses_id`, `products_id`) VALUES (59, 41, '1998-12-21 08:04:49', '1987-05-25 16:40:29', 2, 19);
INSERT INTO `storehouses_products` (`id`, `value`, `created_at`, `updated_at`, `storehouses_id`, `products_id`) VALUES (60, 16, '1978-03-31 20:57:20', '1986-01-31 05:33:15', 1, 102);
INSERT INTO `storehouses_products` (`id`, `value`, `created_at`, `updated_at`, `storehouses_id`, `products_id`) VALUES (61, 19, '1986-12-28 20:49:10', '0000-00-00 00:00:00', 3, 92);
INSERT INTO `storehouses_products` (`id`, `value`, `created_at`, `updated_at`, `storehouses_id`, `products_id`) VALUES (62, 40, '2009-01-08 21:14:49', '1998-04-04 01:48:05', 1, 83);
INSERT INTO `storehouses_products` (`id`, `value`, `created_at`, `updated_at`, `storehouses_id`, `products_id`) VALUES (63, 3, '1985-07-08 21:22:46', '2000-01-20 13:48:30', 3, 91);
INSERT INTO `storehouses_products` (`id`, `value`, `created_at`, `updated_at`, `storehouses_id`, `products_id`) VALUES (64, 15, '2010-02-06 15:48:14', '1983-04-19 08:46:42', 3, 194);
INSERT INTO `storehouses_products` (`id`, `value`, `created_at`, `updated_at`, `storehouses_id`, `products_id`) VALUES (65, 38, '2011-01-21 03:20:48', '0000-00-00 00:00:00', 1, 192);
INSERT INTO `storehouses_products` (`id`, `value`, `created_at`, `updated_at`, `storehouses_id`, `products_id`) VALUES (66, 47, '1995-06-06 10:07:16', '0000-00-00 00:00:00', 3, 108);
INSERT INTO `storehouses_products` (`id`, `value`, `created_at`, `updated_at`, `storehouses_id`, `products_id`) VALUES (67, 0, '2014-05-02 06:07:59', '1988-01-09 19:15:04', 3, 125);
INSERT INTO `storehouses_products` (`id`, `value`, `created_at`, `updated_at`, `storehouses_id`, `products_id`) VALUES (68, 44, '2004-03-18 05:09:34', '1987-06-20 08:40:59', 2, 197);
INSERT INTO `storehouses_products` (`id`, `value`, `created_at`, `updated_at`, `storehouses_id`, `products_id`) VALUES (69, 49, '2017-11-10 01:47:34', '1986-11-12 07:27:40', 1, 79);
INSERT INTO `storehouses_products` (`id`, `value`, `created_at`, `updated_at`, `storehouses_id`, `products_id`) VALUES (70, 34, '2014-10-20 01:53:40', '1983-04-24 02:42:00', 1, 104);
INSERT INTO `storehouses_products` (`id`, `value`, `created_at`, `updated_at`, `storehouses_id`, `products_id`) VALUES (71, 20, '2019-09-25 17:02:47', '0000-00-00 00:00:00', 2, 179);
INSERT INTO `storehouses_products` (`id`, `value`, `created_at`, `updated_at`, `storehouses_id`, `products_id`) VALUES (72, 39, '2013-05-21 00:27:15', '0000-00-00 00:00:00', 1, 167);
INSERT INTO `storehouses_products` (`id`, `value`, `created_at`, `updated_at`, `storehouses_id`, `products_id`) VALUES (73, 22, '1995-01-21 14:41:44', '1996-05-26 15:28:52', 2, 143);
INSERT INTO `storehouses_products` (`id`, `value`, `created_at`, `updated_at`, `storehouses_id`, `products_id`) VALUES (74, 17, '1984-04-07 07:16:39', '2006-09-14 01:14:58', 3, 183);
INSERT INTO `storehouses_products` (`id`, `value`, `created_at`, `updated_at`, `storehouses_id`, `products_id`) VALUES (75, 31, '1975-09-30 03:44:59', '0000-00-00 00:00:00', 3, 17);
INSERT INTO `storehouses_products` (`id`, `value`, `created_at`, `updated_at`, `storehouses_id`, `products_id`) VALUES (76, 13, '2018-07-24 04:27:18', '2003-04-16 01:16:43', 2, 143);
INSERT INTO `storehouses_products` (`id`, `value`, `created_at`, `updated_at`, `storehouses_id`, `products_id`) VALUES (77, 0, '1983-08-14 10:59:23', '2000-07-18 06:10:10', 2, 136);
INSERT INTO `storehouses_products` (`id`, `value`, `created_at`, `updated_at`, `storehouses_id`, `products_id`) VALUES (78, 30, '2014-11-05 05:10:25', '0000-00-00 00:00:00', 1, 89);
INSERT INTO `storehouses_products` (`id`, `value`, `created_at`, `updated_at`, `storehouses_id`, `products_id`) VALUES (79, 50, '2004-04-30 10:21:44', '2020-05-14 20:51:41', 1, 162);
INSERT INTO `storehouses_products` (`id`, `value`, `created_at`, `updated_at`, `storehouses_id`, `products_id`) VALUES (80, 6, '1971-03-11 17:46:07', '2005-02-13 20:35:55', 2, 29);
INSERT INTO `storehouses_products` (`id`, `value`, `created_at`, `updated_at`, `storehouses_id`, `products_id`) VALUES (81, 20, '2020-01-23 05:20:18', '0000-00-00 00:00:00', 3, 41);
INSERT INTO `storehouses_products` (`id`, `value`, `created_at`, `updated_at`, `storehouses_id`, `products_id`) VALUES (82, 32, '2013-08-25 06:13:52', '0000-00-00 00:00:00', 3, 149);
INSERT INTO `storehouses_products` (`id`, `value`, `created_at`, `updated_at`, `storehouses_id`, `products_id`) VALUES (83, 5, '1978-11-09 10:21:35', '2001-02-19 01:43:22', 3, 45);
INSERT INTO `storehouses_products` (`id`, `value`, `created_at`, `updated_at`, `storehouses_id`, `products_id`) VALUES (84, 41, '2016-11-17 01:17:22', '1977-02-07 17:22:22', 3, 1);
INSERT INTO `storehouses_products` (`id`, `value`, `created_at`, `updated_at`, `storehouses_id`, `products_id`) VALUES (85, 29, '1996-03-27 05:43:11', '2008-01-09 02:13:04', 2, 164);
INSERT INTO `storehouses_products` (`id`, `value`, `created_at`, `updated_at`, `storehouses_id`, `products_id`) VALUES (86, 46, '1986-11-11 05:39:21', '0000-00-00 00:00:00', 2, 5);
INSERT INTO `storehouses_products` (`id`, `value`, `created_at`, `updated_at`, `storehouses_id`, `products_id`) VALUES (87, 11, '1972-12-31 03:41:23', '0000-00-00 00:00:00', 3, 147);
INSERT INTO `storehouses_products` (`id`, `value`, `created_at`, `updated_at`, `storehouses_id`, `products_id`) VALUES (88, 45, '2007-10-21 11:03:30', '0000-00-00 00:00:00', 3, 12);
INSERT INTO `storehouses_products` (`id`, `value`, `created_at`, `updated_at`, `storehouses_id`, `products_id`) VALUES (89, 40, '2020-11-13 17:49:59', '0000-00-00 00:00:00', 2, 149);
INSERT INTO `storehouses_products` (`id`, `value`, `created_at`, `updated_at`, `storehouses_id`, `products_id`) VALUES (90, 0, '1986-10-13 10:10:08', '1994-04-26 20:11:42', 3, 50);
INSERT INTO `storehouses_products` (`id`, `value`, `created_at`, `updated_at`, `storehouses_id`, `products_id`) VALUES (91, 16, '2007-06-11 00:14:50', '0000-00-00 00:00:00', 3, 77);
INSERT INTO `storehouses_products` (`id`, `value`, `created_at`, `updated_at`, `storehouses_id`, `products_id`) VALUES (92, 41, '1992-02-25 10:41:07', '1974-06-01 06:59:59', 3, 74);
INSERT INTO `storehouses_products` (`id`, `value`, `created_at`, `updated_at`, `storehouses_id`, `products_id`) VALUES (93, 25, '2010-04-19 23:37:47', '0000-00-00 00:00:00', 1, 18);
INSERT INTO `storehouses_products` (`id`, `value`, `created_at`, `updated_at`, `storehouses_id`, `products_id`) VALUES (94, 16, '1974-04-04 10:04:14', '0000-00-00 00:00:00', 3, 39);
INSERT INTO `storehouses_products` (`id`, `value`, `created_at`, `updated_at`, `storehouses_id`, `products_id`) VALUES (95, 23, '1976-04-26 23:31:06', '0000-00-00 00:00:00', 3, 45);
INSERT INTO `storehouses_products` (`id`, `value`, `created_at`, `updated_at`, `storehouses_id`, `products_id`) VALUES (96, 7, '1977-07-08 09:57:36', '0000-00-00 00:00:00', 2, 133);
INSERT INTO `storehouses_products` (`id`, `value`, `created_at`, `updated_at`, `storehouses_id`, `products_id`) VALUES (97, 27, '2007-09-17 16:00:24', '0000-00-00 00:00:00', 2, 4);
INSERT INTO `storehouses_products` (`id`, `value`, `created_at`, `updated_at`, `storehouses_id`, `products_id`) VALUES (98, 46, '1981-05-30 12:57:00', '0000-00-00 00:00:00', 2, 49);
INSERT INTO `storehouses_products` (`id`, `value`, `created_at`, `updated_at`, `storehouses_id`, `products_id`) VALUES (99, 36, '2000-03-04 05:42:15', '0000-00-00 00:00:00', 1, 28);
INSERT INTO `storehouses_products` (`id`, `value`, `created_at`, `updated_at`, `storehouses_id`, `products_id`) VALUES (100, 1, '1973-10-24 12:02:16', '1993-12-03 07:46:55', 1, 172);


#
# TABLE STRUCTURE FOR: users
#

DROP TABLE IF EXISTS `users`;

CREATE TABLE `users` (
  `id` int(10) unsigned NOT NULL AUTO_INCREMENT,
  `email` varchar(145) COLLATE utf8mb4_unicode_ci NOT NULL,
  `phone` bigint(20) NOT NULL,
  `password_hash` char(65) COLLATE utf8mb4_unicode_ci DEFAULT NULL,
  `created_at` datetime NOT NULL DEFAULT current_timestamp(),
  `updated_at` datetime DEFAULT current_timestamp() ON UPDATE current_timestamp(),
  PRIMARY KEY (`id`),
  UNIQUE KEY `email_UNIQUE` (`email`),
  UNIQUE KEY `phone_UNIQUE` (`phone`)
) ENGINE=InnoDB AUTO_INCREMENT=21 DEFAULT CHARSET=utf8mb4 COLLATE=utf8mb4_unicode_ci;

INSERT INTO `users` (`id`, `email`, `phone`, `password_hash`, `created_at`, `updated_at`) VALUES (1, 'eparisian@example.com', '79904555996', 'b1e4b2431191dce38c67775e42dcaee2cb7533aa', '1983-06-18 05:35:09', '1981-09-05 14:03:53');
INSERT INTO `users` (`id`, `email`, `phone`, `password_hash`, `created_at`, `updated_at`) VALUES (2, 'carter21@example.com', '79451000928', 'c035db9e834dec4c7eb9a1ff0514df4adae70ee0', '2008-01-03 09:32:49', '2000-08-12 10:45:43');
INSERT INTO `users` (`id`, `email`, `phone`, `password_hash`, `created_at`, `updated_at`) VALUES (3, 'block.malcolm@example.net', '79163864404', 'b983cc4e3e9a1042f3f32925008973bb73d664e2', '2016-03-08 18:50:57', '1978-03-10 18:19:41');
INSERT INTO `users` (`id`, `email`, `phone`, `password_hash`, `created_at`, `updated_at`) VALUES (4, 'hhoppe@example.net', '79438145232', '987a9c492d2add1a0ff4b0203ab3e0b285c28a57', '1999-02-04 19:48:09', '1993-01-07 19:53:22');
INSERT INTO `users` (`id`, `email`, `phone`, `password_hash`, `created_at`, `updated_at`) VALUES (5, 'shields.bette@example.net', '79492967344', 'c2248f74145c18af64c38e5c1eec24fc1f509a3b', '2001-02-01 10:33:45', '1985-07-09 11:28:45');
INSERT INTO `users` (`id`, `email`, `phone`, `password_hash`, `created_at`, `updated_at`) VALUES (6, 'orice@example.com', '79057226685', '24fbe035f7667a45d16e56644b9355944065ea05', '2011-02-18 09:42:05', '1978-07-05 01:52:04');
INSERT INTO `users` (`id`, `email`, `phone`, `password_hash`, `created_at`, `updated_at`) VALUES (7, 'garth26@example.com', '79923856982', 'c20ed5c0957f083528c9a3aa1cece218920bca3f', '2002-01-08 02:11:04', '1993-11-21 14:48:38');
INSERT INTO `users` (`id`, `email`, `phone`, `password_hash`, `created_at`, `updated_at`) VALUES (8, 'shields.kassandra@example.com', '79771901220', '298266fdb35631489b658cd731b760f6a0ae50b7', '2006-02-16 22:20:51', '1990-09-19 20:37:28');
INSERT INTO `users` (`id`, `email`, `phone`, `password_hash`, `created_at`, `updated_at`) VALUES (9, 'seth96@example.com', '79644037100', '56f6a57205fc43999890f04929134b972ab36716', '2010-12-29 00:03:13', '2018-03-02 04:43:16');
INSERT INTO `users` (`id`, `email`, `phone`, `password_hash`, `created_at`, `updated_at`) VALUES (10, 'hessel.chanelle@example.net', '79091105618', '849e2fa514e46ce8aea801ff3da56b2f01a616a0', '2016-02-01 19:50:06', '1989-04-05 13:48:44');
INSERT INTO `users` (`id`, `email`, `phone`, `password_hash`, `created_at`, `updated_at`) VALUES (11, 'zella76@example.net', '79155701415', 'a6a6fd11a590c0ad92ba999778e5f65b2154776b', '2009-07-18 20:38:22', '1988-08-13 07:09:07');
INSERT INTO `users` (`id`, `email`, `phone`, `password_hash`, `created_at`, `updated_at`) VALUES (12, 'erdman.chelsie@example.net', '79126688873', '7c6c0d13f5fd468ac96ffef565ce200e2c9331f4', '1990-09-27 20:29:48', '1975-09-05 09:13:06');
INSERT INTO `users` (`id`, `email`, `phone`, `password_hash`, `created_at`, `updated_at`) VALUES (13, 'pacocha.afton@example.net', '79809644252', 'f8d66cd297c3091d5d281357301501870ced8a6b', '1997-10-03 01:04:41', '1971-06-07 09:04:29');
INSERT INTO `users` (`id`, `email`, `phone`, `password_hash`, `created_at`, `updated_at`) VALUES (14, 'kylie46@example.com', '79017797869', '8ed590082ddbc899720462b590929686e53c7e4f', '2003-05-18 15:21:41', '1981-09-08 09:04:03');
INSERT INTO `users` (`id`, `email`, `phone`, `password_hash`, `created_at`, `updated_at`) VALUES (15, 'emory.bosco@example.net', '79946954783', '5340d0968e5936245a6ed458fd589bb4ec7845ca', '1990-01-16 17:45:00', '1979-12-25 21:25:40');
INSERT INTO `users` (`id`, `email`, `phone`, `password_hash`, `created_at`, `updated_at`) VALUES (16, 'nmorissette@example.com', '79523131581', 'de42daea86ba3eb130eb96e94ca98e6d2d2fa5c4', '1973-01-19 13:13:01', '2010-07-09 09:44:13');
INSERT INTO `users` (`id`, `email`, `phone`, `password_hash`, `created_at`, `updated_at`) VALUES (17, 'chelsea.adams@example.com', '79860123562', 'c3e8416901fc1834c9248d3f75ec156383371291', '1997-09-18 19:37:55', '2017-11-01 10:31:12');
INSERT INTO `users` (`id`, `email`, `phone`, `password_hash`, `created_at`, `updated_at`) VALUES (18, 'arnulfo40@example.com', '79590941281', 'c62bfb53122c0f08e706aed761acb03ef57e03a3', '2007-03-22 17:22:48', '1997-09-26 03:42:19');
INSERT INTO `users` (`id`, `email`, `phone`, `password_hash`, `created_at`, `updated_at`) VALUES (19, 'carey.lind@example.net', '79553699194', '233de9006f9af2d7a25fddba43cc623b4aeaa2c6', '2020-07-31 11:57:20', '1973-05-25 17:47:10');
INSERT INTO `users` (`id`, `email`, `phone`, `password_hash`, `created_at`, `updated_at`) VALUES (20, 'considine.caitlyn@example.net', '79648235936', '6f14cad9a07d3b5e1c938f3dcbea30589e58a96d', '1978-09-16 01:33:27', '2008-06-03 10:55:50');


